"Organ","SeqID"
"Conventional","6578-29"
"Conventional","3810-50"
"Conventional","4159-130"
"Conventional","22511-28"
"Conventional","7717-95"
"Conventional","5870-23"
"Conventional","15610-72"
"Conventional","13959-7"
"Conventional","15497-9"
"Conventional","15486-126"
"Conventional","6209-2"
"Conventional","21943-170"
"Conventional","21942-14"
"Conventional","12669-30"
"Conventional","13618-15"
"Conventional","21862-145"
"Conventional","24685-12"
"Conventional","12463-7"
"Conventional","20970-14"
"Conventional","21450-333"
"Conventional","5340-24"
"Conventional","3336-50"
"Conventional","24493-10"
"Conventional","18409-61"
"Conventional","19561-216"
"Conventional","11368-32"
"Conventional","7174-15"
"Conventional","11513-92"
"Conventional","17722-5"
"Conventional","22429-13"
"Conventional","18860-2"
"Conventional","11431-235"
"Conventional","19127-1"
"Conventional","9969-8"
"Conventional","20542-47"
"Conventional","24453-75"
"Conventional","13575-40"
"Conventional","4534-10"
"Conventional","22375-15"
"Conventional","19199-3"
"Conventional","20183-48"
"Conventional","11174-8"
"Conventional","9600-55"
"Conventional","25463-3"
"Conventional","13614-6"
"Conventional","2580-83"
"Conventional","4261-55"
"Conventional","13929-27"
"Conventional","21903-6"
"Conventional","11617-1"
"Conventional","12651-21"
"Conventional","21901-14"
"Conventional","19574-5"
"Conventional","8488-33"
"Conventional","3739-72"
"Conventional","14747-9"
"Conventional","2607-54"
"Conventional","6372-7"
"Conventional","7871-16"
"Conventional","24938-7"
"Conventional","9337-43"
"Conventional","22839-23"
"Conventional","11117-2"
"Conventional","5138-50"
"Conventional","14332-3"
"Conventional","12940-35"
"Conventional","9168-31"
"Conventional","17725-37"
"Conventional","21889-2"
"Conventional","25428-103"
"Conventional","12684-5"
"Conventional","20231-23"
"Conventional","21276-11"
"Conventional","7204-1"
"Conventional","17721-82"
"Conventional","24635-25"
"Conventional","3823-9"
"Conventional","7184-13"
"Conventional","6351-55"
"Conventional","7018-10"
"Conventional","12854-3"
"Conventional","3470-1"
"Conventional","9783-75"
"Conventional","25288-16"
"Conventional","12612-37"
"Conventional","12623-84"
"Conventional","13624-17"
"Conventional","21365-5"
"Conventional","7933-75"
"Conventional","3329-14"
"Conventional","14064-21"
"Conventional","5657-28"
"Conventional","9051-13"
"Conventional","21643-8"
"Conventional","12735-39"
"Conventional","4209-60"
"Conventional","24679-35"
"Conventional","17449-23"
"Conventional","5628-21"
"Conventional","12738-43"
"Conventional","14599-18"
"Conventional","3198-4"
"Conventional","18864-7"
"Conventional","3479-71"
"Conventional","3143-3"
"Conventional","19202-10"
"Conventional","3416-2"
"Conventional","12604-16"
"Conventional","3813-3"
"Conventional","3041-55"
"Conventional","23393-56"
"Conventional","6603-18"
"Conventional","7121-2"
"Conventional","14028-22"
"Conventional","2652-15"
"Conventional","2666-53"
"Conventional","8866-53"
"Conventional","8978-30"
"Conventional","12585-39"
"Conventional","2891-1"
"Conventional","5667-3"
"Conventional","2780-35"
"Conventional","14755-4"
"Conventional","8946-38"
"Conventional","25880-14"
"Conventional","21989-12"
"Conventional","25232-4"
"Conventional","9251-28"
"Conventional","24911-57"
"Conventional","21996-28"
"Conventional","18225-13"
"Conventional","20519-7"
"Conventional","22027-13"
"Conventional","2668-70"
"Conventional","19317-114"
"Conventional","3853-56"
"Conventional","22033-32"
"Conventional","22033-7"
"Conventional","10528-2"
"Conventional","8794-13"
"Conventional","5798-3"
"Conventional","21572-91"
"Conventional","6267-51"
"Conventional","4254-6"
"Conventional","11549-6"
"Conventional","5085-18"
"Conventional","10496-11"
"Conventional","8955-60"
"Conventional","2952-75"
"Conventional","8406-17"
"Conventional","2974-61"
"Conventional","24444-10"
"Conventional","8018-43"
"Conventional","9003-99"
"Conventional","20134-27"
"Conventional","21132-9"
"Conventional","10014-31"
"Conventional","8748-45"
"Conventional","6974-6"
"Conventional","2681-23"
"Conventional","21754-5"
"Conventional","23540-3"
"Conventional","11138-16"
"Conventional","11319-106"
"Conventional","24695-8"
"Conventional","10737-96"
"Conventional","8388-24"
"Conventional","10870-32"
"Conventional","16323-8"
"Conventional","5111-15"
"Conventional","16814-13"
"Conventional","4973-18"
"Conventional","12486-8"
"Conventional","14090-23"
"Conventional","18214-2"
"Conventional","23640-10"
"Conventional","11361-73"
"Conventional","13969-24"
"Conventional","15540-6"
"Conventional","9218-7"
"Conventional","5392-73"
"Conventional","9459-7"
"Conventional","6248-68"
"Conventional","16913-8"
"Conventional","9283-8"
"Conventional","5487-7"
"Conventional","7882-31"
"Conventional","6352-8"
"Conventional","5825-49"
"Conventional","7806-33"
"Conventional","3152-57"
"Conventional","8368-102"
"Conventional","6955-68"
"Conventional","8807-13"
"Conventional","18434-141"
"Conventional","14023-84"
"Conventional","3415-61"
"Conventional","21344-31"
"Conventional","24417-22"
"Conventional","12775-6"
"Conventional","11547-84"
"Conventional","4992-49"
"Conventional","18178-13"
"Conventional","14037-18"
"Conventional","8244-16"
"Conventional","25284-47"
"Conventional","6151-18"
"Conventional","23274-27"
"Conventional","12494-99"
"Conventional","16558-2"
"Conventional","8750-46"
"Conventional","4355-13"
"Conventional","12644-63"
"Conventional","12510-3"
"Conventional","2278-61"
"Conventional","10045-47"
"Conventional","13534-20"
"Conventional","15431-31"
"Conventional","21728-4"
"Conventional","21583-14"
"Conventional","16035-8"
"Conventional","2358-19"
"Conventional","20545-17"
"Conventional","23340-37"
"Conventional","12514-16"
"Conventional","10435-2"
"Conventional","18392-19"
"Conventional","6383-90"
"Conventional","13066-42"
"Conventional","11126-102"
"Conventional","9561-21"
"Conventional","15533-97"
"Conventional","11282-16"
"Conventional","3684-78"
"Conventional","11207-3"
"Conventional","2501-51"
"Conventional","14759-149"
"Conventional","18429-10"
"Conventional","4482-66"
"Conventional","4127-75"
"Conventional","13657-2"
"Conventional","23671-11"
"Conventional","12970-35"
"Conventional","5105-2"
"Conventional","20529-7"
"Conventional","25064-34"
"Conventional","13596-3"
"Conventional","14099-20"
"Conventional","6042-52"
"Conventional","5738-25"
"Conventional","5675-6"
"Conventional","2728-62"
"Conventional","4155-3"
"Conventional","6260-14"
"Conventional","7131-207"
"Conventional","10073-22"
"Conventional","4968-50"
"Conventional","8635-283"
"Conventional","18839-24"
"Conventional","21681-10"
"Conventional","17366-6"
"Conventional","6223-5"
"Conventional","24426-191"
"Conventional","24426-15"
"Conventional","3432-21"
"Conventional","9484-75"
"Conventional","20517-1"
"Conventional","17453-34"
"Conventional","23352-9"
"Conventional","25278-41"
"Conventional","9032-30"
"Conventional","19562-8"
"Conventional","18228-30"
"Conventional","8854-59"
"Conventional","8925-25"
"Conventional","2665-26"
"Conventional","22492-108"
"Conventional","10008-43"
"Conventional","7245-2"
"Conventional","9377-25"
"Conventional","6441-62"
"Conventional","7161-25"
"Conventional","7903-18"
"Conventional","6020-52"
"Conventional","2598-9"
"Conventional","14025-18"
"Conventional","22148-135"
"Conventional","15470-11"
"Conventional","6075-61"
"Conventional","10746-24"
"Conventional","3607-71"
"Conventional","11543-84"
"Conventional","5751-14"
"Conventional","12798-46"
"Conventional","15604-18"
"Conventional","9760-13"
"Conventional","22987-69"
"Conventional","4543-65"
"Conventional","21799-15"
"Conventional","15513-108"
"Conventional","6225-3"
"Conventional","9550-153"
"Conventional","8800-14"
"Conventional","9350-3"
"Conventional","9470-15"
"Conventional","4188-1"
"Conventional","21310-37"
"Conventional","20074-3"
"Conventional","14337-1"
"Conventional","16882-27"
"Conventional","18887-7"
"Conventional","25954-3"
"Conventional","9789-52"
"Conventional","5688-65"
"Conventional","6086-15"
"Conventional","5115-31"
"Conventional","14112-40"
"Conventional","17797-1"
"Conventional","11402-17"
"Conventional","4811-33"
"Conventional","7955-195"
"Conventional","17747-45"
"Conventional","6262-14"
"Conventional","5084-154"
"Conventional","25066-32"
"Conventional","21832-31"
"Conventional","14067-6"
"Conventional","3184-25"
"Conventional","2647-66"
"Conventional","14197-2"
"Conventional","12597-68"
"Conventional","8922-4"
"Conventional","9580-5"
"Conventional","3351-1"
"Conventional","8098-37"
"Conventional","13055-53"
"Conventional","25962-51"
"Conventional","24934-96"
"Conventional","8337-65"
"Conventional","23164-8"
"Conventional","17782-23"
"Conventional","2643-57"
"Conventional","18309-18"
"Conventional","23181-2"
"Conventional","25061-8"
"Conventional","14675-20"
"Conventional","13056-18"
"Conventional","4468-21"
"Conventional","8859-51"
"Conventional","13577-25"
"Conventional","24255-38"
"Conventional","22151-48"
"Conventional","11167-6"
"Conventional","8697-38"
"Conventional","19267-14"
"Conventional","18158-45"
"Conventional","11422-2"
"Conventional","18242-8"
"Conventional","6392-7"
"Conventional","6947-4"
"Conventional","8374-5"
"Conventional","4541-49"
"Conventional","3179-51"
"Conventional","21152-25"
"Conventional","18877-15"
"Conventional","25095-1"
"Conventional","9383-24"
"Conventional","11551-16"
"Conventional","12650-43"
"Conventional","20237-38"
"Conventional","25948-18"
"Conventional","25307-8"
"Conventional","6649-51"
"Conventional","9013-60"
"Conventional","2617-56"
"Conventional","19249-18"
"Conventional","22363-31"
"Conventional","5593-11"
"Conventional","21381-73"
"Conventional","5242-37"
"Conventional","24959-20"
"Conventional","3817-18"
"Conventional","25060-18"
"Conventional","18321-38"
"Conventional","14204-55"
"Conventional","9751-72"
"Conventional","18918-86"
"Conventional","13622-16"
"Conventional","9872-23"
"Conventional","11592-1"
"Conventional","2844-53"
"Conventional","3642-4"
"Conventional","8073-3"
"Conventional","22783-40"
"Conventional","19153-53"
"Conventional","16825-20"
"Conventional","3808-76"
"Conventional","9816-37"
"Conventional","9095-5"
"Conventional","17712-7"
"Conventional","8900-28"
"Conventional","25088-42"
"Conventional","2654-19"
"Conventional","17344-23"
"Conventional","4240-31"
"Conventional","9855-10"
"Conventional","11601-26"
"Conventional","2645-54"
"Conventional","21328-2"
"Conventional","19275-68"
"Conventional","23343-6"
"Conventional","10048-7"
"Conventional","25275-30"
"Conventional","3809-1"
"Conventional","13669-6"
"Conventional","21207-1"
"Conventional","24424-25"
"Conventional","25444-29"
"Conventional","24432-3"
"Conventional","22479-64"
"Conventional","23031-6"
"Conventional","5030-52"
"Conventional","8957-72"
"Conventional","24675-2"
"Conventional","6409-57"
"Conventional","10753-31"
"Conventional","11582-63"
"Conventional","10015-119"
"Conventional","15390-3"
"Conventional","7054-87"
"Conventional","22149-2"
"Conventional","3009-3"
"Conventional","2949-6"
"Conventional","22858-3"
"Conventional","9504-19"
"Conventional","17411-55"
"Conventional","22584-2"
"Conventional","3728-52"
"Conventional","25102-23"
"Conventional","21999-61"
"Conventional","16923-20"
"Conventional","13054-87"
"Conventional","11615-16"
"Conventional","2441-2"
"Conventional","9513-9"
"Conventional","3438-10"
"Conventional","8055-33"
"Conventional","18322-15"
"Conventional","21210-33"
"Conventional","7867-154"
"Conventional","6927-7"
"Conventional","23694-3"
"Conventional","24462-4"
"Conventional","13681-173"
"Conventional","5226-36"
"Conventional","3350-53"
"Conventional","9840-2"
"Conventional","20558-4"
"Conventional","25111-24"
"Conventional","13615-60"
"Conventional","9392-43"
"Conventional","12363-70"
"Conventional","23401-3"
"Conventional","6543-182"
"Conventional","20461-58"
"Conventional","21555-17"
"Conventional","3466-8"
"Conventional","9843-5"
"Conventional","12688-115"
"Conventional","6951-26"
"Conventional","9936-27"
"Conventional","8795-48"
"Conventional","6895-1"
"Conventional","19247-1"
"Conventional","21926-24"
"Conventional","24982-33"
"Conventional","4217-49"
"Conventional","11320-29"
"Conventional","11348-132"
"Conventional","22960-8"
"Conventional","3310-62"
"Conventional","19262-219"
"Conventional","21569-49"
"Conventional","18323-39"
"Conventional","9765-4"
"Conventional","8255-34"
"Conventional","8064-125"
"Conventional","12535-2"
"Conventional","20534-6"
"Conventional","10040-63"
"Conventional","23365-7"
"Conventional","6586-19"
"Conventional","13665-35"
"Conventional","17467-1"
"Conventional","3293-2"
"Conventional","3761-4"
"Conventional","6035-2"
"Conventional","13992-12"
"Conventional","5108-72"
"Conventional","21116-13"
"Conventional","13044-5"
"Conventional","13510-7"
"Conventional","19347-37"
"Conventional","3327-27"
"Conventional","25281-50"
"Conventional","5129-12"
"Conventional","15688-30"
"Conventional","11105-171"
"Conventional","9248-36"
"Conventional","6274-15"
"Conventional","22810-41"
"Conventional","12356-65"
"Conventional","13991-47"
"Conventional","3222-11"
"Conventional","6448-36"
"Conventional","19197-95"
"Conventional","9058-1"
"Conventional","24468-36"
"Conventional","4123-60"
"Conventional","24900-46"
"Conventional","9747-48"
"Conventional","22146-20"
"Conventional","24226-30"
"Conventional","24419-3"
"Conventional","23915-18"
"Conventional","11570-94"
"Conventional","9897-9"
"Conventional","13590-1"
"Conventional","22821-50"
"Conventional","13041-47"
"Conventional","11629-36"
"Conventional","2649-77"
"Conventional","11288-26"
"Conventional","20512-2"
"Conventional","18892-48"
"Conventional","13735-1"
"Conventional","13976-9"
"Conventional","20998-19"
"Conventional","12400-25"
"Conventional","8297-8"
"Conventional","3055-54"
"Conventional","3387-1"
"Conventional","12678-66"
"Conventional","20968-22"
"Conventional","21949-4"
"Conventional","11252-30"
"Conventional","8984-28"
"Conventional","21833-6"
"Conventional","9844-138"
"Conventional","23557-110"
"Conventional","7986-98"
"Conventional","17743-14"
"Conventional","5532-53"
"Conventional","12529-32"
"Conventional","6470-19"
"Conventional","14038-130"
"Conventional","3302-58"
"Conventional","24908-19"
"Conventional","12583-77"
"Conventional","5029-3"
"Conventional","17380-2"
"Conventional","25947-116"
"Conventional","12476-50"
"Conventional","22074-35"
"Conventional","6495-14"
"Conventional","22566-53"
"Conventional","2763-66"
"Conventional","7765-15"
"Conventional","25269-10"
"Conventional","12551-3"
"Conventional","13963-7"
"Conventional","13475-10"
"Conventional","21492-19"
"Conventional","16613-3"
"Conventional","9875-107"
"Conventional","9288-7"
"Conventional","23693-4"
"Conventional","17726-3"
"Conventional","23024-25"
"Conventional","21715-40"
"Conventional","6525-17"
"Conventional","12374-8"
"Conventional","12591-27"
"Conventional","18196-8"
"Conventional","4763-31"
"Conventional","12734-112"
"Conventional","10894-25"
"Conventional","15305-7"
"Conventional","9173-21"
"Conventional","25092-32"
"Conventional","11572-4"
"Conventional","8274-64"
"Conventional","8485-7"
"Conventional","12568-14"
"Conventional","11988-24"
"Conventional","21390-68"
"Conventional","22587-37"
"Conventional","17514-48"
"Conventional","14249-68"
"Conventional","3518-54"
"Conventional","18241-18"
"Conventional","2625-53"
"Conventional","12879-5"
"Conventional","24436-23"
"Conventional","9060-27"
"Conventional","15584-9"
"Conventional","12730-3"
"Conventional","22972-26"
"Conventional","3148-49"
"Conventional","5792-8"
"Conventional","19353-25"
"Conventional","7959-34"
"Conventional","17769-28"
"Conventional","17752-24"
"Conventional","8933-84"
"Conventional","21314-11"
"Conventional","8359-149"
"Conventional","8399-6"
"Conventional","10618-190"
"Conventional","21515-61"
"Conventional","25099-4"
"Conventional","7175-4"
"Conventional","3815-14"
"Conventional","15693-9"
"Conventional","7251-64"
"Conventional","25042-3"
"Conventional","7897-75"
"Conventional","11154-3"
"Conventional","20527-47"
"Conventional","3236-12"
"Conventional","24050-26"
"Conventional","4917-62"
"Conventional","7755-37"
"Conventional","24983-119"
"Conventional","8087-250"
"Conventional","25043-74"
"Conventional","21765-10"
"Conventional","9993-11"
"Conventional","19195-85"
"Conventional","8878-48"
"Conventional","17350-13"
"Conventional","5238-26"
"Conventional","23529-11"
"Conventional","13576-15"
"Conventional","4911-49"
"Conventional","7915-31"
"Conventional","10627-87"
"Conventional","7892-132"
"Conventional","9981-18"
"Conventional","9065-28"
"Conventional","15698-6"
"Conventional","2797-56"
"Conventional","24407-31"
"Conventional","5223-59"
"Conventional","16885-49"
"Conventional","22992-6"
"Conventional","10480-33"
"Conventional","11514-196"
"Conventional","21480-2"
"Conventional","22961-7"
"Conventional","3613-62"
"Conventional","15582-25"
"Conventional","12455-48"
"Conventional","14273-19"
"Conventional","6402-8"
"Conventional","10816-150"
"Conventional","8825-4"
"Conventional","9854-36"
"Conventional","16606-85"
"Conventional","6624-94"
"Conventional","25499-37"
"Conventional","8253-2"
"Conventional","13381-49"
"Conventional","12694-28"
"Conventional","5478-50"
"Conventional","24273-43"
"Conventional","9040-144"
"Conventional","14083-25"
"Conventional","21123-1"
"Conventional","7965-25"
"Conventional","18198-51"
"Conventional","12507-16"
"Conventional","12980-31"
"Conventional","10761-5"
"Conventional","7994-41"
"Conventional","5613-75"
"Conventional","25262-6"
"Conventional","25096-58"
"Conventional","13972-4"
"Conventional","15553-22"
"Conventional","10980-11"
"Conventional","5934-1"
"Conventional","15324-58"
"Conventional","24970-117"
"Conventional","25456-73"
"Conventional","7131-8"
"Conventional","4160-49"
"Conventional","11175-45"
"Conventional","7769-29"
"Conventional","21272-100"
"Conventional","16060-99"
"Conventional","3633-70"
"Conventional","25253-17"
"Conventional","5757-45"
"Conventional","21452-3"
"Conventional","2962-50"
"Conventional","3091-70"
"Conventional","12855-16"
"Conventional","13634-209"
"Conventional","24216-30"
"Conventional","17209-27"
"Conventional","3194-36"
"Conventional","14254-27"
"Conventional","24926-9"
"Conventional","24455-2"
"Conventional","21512-6"
"Conventional","24665-48"
"Conventional","12593-33"
"Conventional","13993-20"
"Conventional","14002-18"
"Conventional","6994-19"
"Conventional","20374-41"
"Conventional","20543-19"
"Conventional","15499-11"
"Conventional","4464-10"
"Conventional","25912-131"
"Conventional","4250-23"
"Conventional","6255-74"
"Conventional","2190-55"
"Conventional","3881-49"
"Conventional","12831-21"
"Conventional","18327-6"
"Conventional","9241-40"
"Conventional","3821-28"
"Conventional","8382-47"
"Conventional","10064-12"
"Conventional","11542-11"
"Conventional","10361-25"
"Conventional","11672-17"
"Conventional","23696-256"
"Conventional","8235-48"
"Conventional","4276-10"
"Conventional","11202-70"
"Conventional","13728-19"
"Conventional","4983-6"
"Conventional","12358-6"
"Conventional","20127-102"
"Conventional","23690-228"
"Conventional","3472-40"
"Conventional","9950-229"
"Conventional","5099-14"
"Conventional","12493-42"
"Conventional","13133-73"
"Conventional","17148-7"
"Conventional","7886-26"
"Conventional","18945-11"
"Conventional","8887-21"
"Conventional","8871-14"
"Conventional","21477-105"
"Conventional","4342-10"
"Conventional","4920-10"
"Conventional","11159-14"
"Conventional","9315-16"
"Conventional","11122-97"
"Conventional","3367-8"
"Conventional","7110-2"
"Conventional","5947-90"
"Conventional","8059-1"
"Conventional","13438-115"
"Conventional","14093-10"
"Conventional","3053-49"
"Conventional","25500-6"
"Conventional","10666-7"
"Conventional","12603-87"
"Conventional","22576-2"
"Conventional","3029-52"
"Conventional","22576-1"
"Conventional","5746-37"
"Conventional","13104-32"
"Conventional","12340-17"
"Conventional","9974-8"
"Conventional","11120-49"
"Conventional","5109-24"
"Conventional","18347-15"
"Conventional","15527-90"
"Conventional","10025-1"
"Conventional","21475-137"
"Conventional","13686-2"
"Conventional","4491-4"
"Conventional","8935-22"
"Conventional","21979-8"
"Conventional","21979-12"
"Conventional","13384-110"
"Conventional","4162-54"
"Conventional","8288-27"
"Conventional","11661-11"
"Conventional","25058-23"
"Conventional","21289-36"
"Conventional","12389-4"
"Conventional","19760-26"
"Conventional","23981-172"
"Conventional","13660-76"
"Conventional","2602-2"
"Conventional","5112-73"
"Conventional","3234-23"
"Conventional","3423-59"
"Conventional","5918-5"
"Conventional","9111-40"
"Conventional","21208-163"
"Conventional","23183-6"
"Conventional","24898-39"
"Conventional","11429-80"
"Conventional","11242-33"
"Conventional","10638-1"
"Conventional","7945-10"
"Conventional","5122-92"
"Conventional","13668-44"
"Conventional","2611-72"
"Conventional","12385-4"
"Conventional","20241-9"
"Conventional","8986-2"
"Conventional","15548-35"
"Conventional","20175-17"
"Conventional","9753-17"
"Conventional","20105-7"
"Conventional","15312-14"
"Conventional","11651-24"
"Conventional","14186-13"
"Conventional","24942-22"
"Conventional","13567-1"
"Conventional","4156-74"
"Conventional","18382-109"
"Conventional","6077-63"
"Conventional","20952-15"
"Conventional","25479-8"
"Conventional","21769-10"
"Conventional","25059-18"
"Conventional","21354-92"
"Conventional","4540-11"
"Conventional","9739-4"
"Conventional","9509-4"
"Conventional","10716-35"
"Conventional","12637-7"
"Conventional","12704-26"
"Conventional","17802-4"
"Conventional","23686-44"
"Conventional","20540-65"
"Conventional","19225-11"
"Conventional","5632-6"
"Conventional","8811-24"
"Conventional","20514-8"
"Conventional","4493-92"
"Conventional","22116-9"
"Conventional","21863-11"
"Conventional","7108-7"
"Conventional","5635-66"
"Conventional","16300-4"
"Conventional","11851-21"
"Conventional","3187-52"
"Conventional","21577-35"
"Conventional","22432-83"
"Conventional","2734-49"
"Conventional","5467-15"
"Conventional","5631-83"
"Conventional","19823-75"
"Conventional","11816-84"
"Conventional","13706-12"
"Conventional","2632-5"
"Conventional","3341-33"
"Conventional","16859-100"
"Conventional","5542-22"
"Conventional","3214-3"
"Conventional","20950-159"
"Conventional","22059-56"
"Conventional","14662-6"
"Conventional","6966-144"
"Conventional","10801-11"
"Conventional","14124-6"
"Conventional","22580-29"
"Conventional","12724-81"
"Conventional","9123-18"
"Conventional","6605-17"
"Conventional","12783-29"
"Conventional","23621-326"
"Conventional","12532-28"
"Conventional","9910-9"
"Conventional","20441-35"
"Conventional","9962-1"
"Conventional","20549-1"
"Conventional","18306-1"
"Conventional","11258-41"
"Conventional","18191-23"
"Conventional","3316-58"
"Conventional","12357-41"
"Conventional","9877-28"
"Conventional","7233-73"
"Conventional","19237-17"
"Conventional","24223-5"
"Conventional","14063-17"
"Conventional","21548-20"
"Conventional","9064-12"
"Conventional","7758-217"
"Conventional","22091-14"
"Conventional","17774-38"
"Conventional","4267-81"
"Conventional","3115-64"
"Conventional","23923-26"
"Conventional","23262-11"
"Conventional","12746-4"
"Conventional","11356-19"
"Conventional","5605-77"
"Conventional","22818-4"
"Conventional","3033-57"
"Conventional","13594-158"
"Conventional","19563-3"
"Conventional","8046-9"
"Conventional","20553-2"
"Conventional","17751-68"
"Conventional","18404-22"
"Conventional","13602-6"
"Conventional","24973-11"
"Conventional","20448-7"
"Conventional","5587-3"
"Conventional","15300-66"
"Conventional","21876-266"
"Conventional","18316-75"
"Conventional","23341-16"
"Conventional","19316-2"
"Conventional","22397-2"
"Conventional","20449-72"
"Conventional","2480-58"
"Conventional","7215-18"
"Conventional","13498-1"
"Conventional","25048-30"
"Conventional","24954-83"
"Conventional","25492-7"
"Conventional","9900-36"
"Conventional","7761-125"
"Conventional","13117-232"
"Conventional","23153-14"
"Conventional","17398-55"
"Conventional","3583-54"
"Conventional","8790-6"
"Conventional","23691-2"
"Conventional","13027-20"
"Conventional","4149-8"
"Conventional","7104-71"
"Conventional","11462-8"
"Conventional","5259-2"
"Conventional","24476-18"
"Conventional","23668-281"
"Conventional","11510-51"
"Conventional","11510-31"
"Conventional","9506-10"
"Conventional","22772-125"
"Conventional","5265-12"
"Conventional","16074-12"
"Conventional","9808-41"
"Conventional","10512-13"
"Conventional","11137-43"
"Conventional","23358-42"
"Conventional","23384-19"
"Conventional","18387-7"
"Conventional","9343-16"
"Conventional","12708-91"
"Conventional","25036-10"
"Conventional","17408-2"
"Conventional","21204-70"
"Conventional","11607-15"
"Conventional","21780-15"
"Conventional","18383-9"
"Conventional","2431-17"
"Conventional","3373-5"
"Conventional","4133-54"
"Conventional","14041-13"
"Conventional","11590-5"
"Conventional","7227-75"
"Conventional","11562-9"
"Conventional","11441-11"
"Conventional","22817-126"
"Conventional","13954-9"
"Conventional","14178-18"
"Conventional","8389-8"
"Conventional","18926-7"
"Conventional","8963-8"
"Conventional","16872-248"
"Conventional","11633-89"
"Conventional","7267-2"
"Conventional","3622-33"
"Conventional","7840-64"
"Conventional","11184-51"
"Conventional","8476-11"
"Conventional","21130-82"
"Conventional","12619-14"
"Conventional","8923-94"
"Conventional","11614-29"
"Conventional","13089-6"
"Conventional","2612-5"
"Conventional","3449-58"
"Conventional","14105-5"
"Conventional","12575-30"
"Conventional","17210-2"
"Conventional","12849-25"
"Conventional","12553-5"
"Conventional","11254-13"
"Conventional","10866-60"
"Conventional","6439-59"
"Conventional","12580-7"
"Conventional","17337-1"
"Conventional","9728-4"
"Conventional","9849-13"
"Conventional","8921-139"
"Conventional","12572-236"
"Conventional","14748-31"
"Conventional","19383-131"
"Conventional","23689-52"
"Conventional","22405-61"
"Conventional","22120-4"
"Conventional","3860-7"
"Conventional","19209-6"
"Conventional","17694-32"
"Conventional","22086-2"
"Conventional","19446-1"
"Conventional","11560-76"
"Conventional","6263-77"
"Conventional","15475-4"
"Conventional","15526-33"
"Conventional","2579-17"
"Conventional","24456-3"
"Conventional","24414-3"
"Conventional","7825-7"
"Conventional","24023-35"
"Conventional","22541-46"
"Conventional","10041-3"
"Conventional","18312-68"
"Conventional","22847-18"
"Conventional","20956-13"
"Conventional","2972-57"
"Conventional","23265-15"
"Conventional","4971-1"
"Conventional","9012-1"
"Conventional","9581-4"
"Conventional","12460-18"
"Conventional","14329-4"
"Conventional","20373-141"
"Conventional","15412-40"
"Conventional","15504-39"
"Conventional","11556-19"
"Conventional","8804-39"
"Conventional","3832-51"
"Conventional","12804-5"
"Conventional","12876-39"
"Conventional","12427-8"
"Conventional","8355-80"
"Conventional","9583-17"
"Conventional","22509-9"
"Conventional","9082-25"
"Conventional","22013-6"
"Conventional","5224-20"
"Conventional","5225-50"
"Conventional","3427-63"
"Conventional","2500-2"
"Conventional","8464-31"
"Conventional","17343-6"
"Conventional","6247-9"
"Conventional","17768-50"
"Conventional","19638-9"
"Conventional","3374-49"
"Conventional","23256-21"
"Conventional","5634-39"
"Conventional","11303-7"
"Conventional","3388-58"
"Conventional","24953-27"
"Conventional","12469-19"
"Conventional","19371-18"
"Conventional","7754-11"
"Conventional","5092-51"
"Conventional","22946-55"
"Conventional","19274-80"
"Conventional","8257-71"
"Conventional","8356-88"
"Conventional","19126-4"
"Conventional","4126-22"
"Conventional","2609-59"
"Conventional","5676-54"
"Conventional","14076-74"
"Conventional","11388-75"
"Conventional","21393-62"
"Conventional","7926-13"
"Conventional","17781-191"
"Conventional","17400-71"
"Conventional","10605-22"
"Conventional","21679-16"
"Conventional","19189-2"
"Conventional","7167-102"
"Conventional","19373-3"
"Conventional","23675-16"
"Conventional","23148-100"
"Conventional","13536-56"
"Conventional","8367-142"
"Conventional","18385-4"
"Conventional","21436-56"
"Conventional","7863-50"
"Conventional","19255-124"
"Conventional","9933-49"
"Conventional","18329-4"
"Conventional","20382-8"
"Conventional","3362-61"
"Conventional","24201-86"
"Conventional","4876-32"
"Conventional","5307-12"
"Conventional","3414-40"
"Conventional","25960-15"
"Conventional","17854-33"
"Conventional","19601-15"
"Conventional","7713-102"
"Conventional","7713-50"
"Conventional","7721-81"
"Conventional","20081-14"
"Conventional","11432-11"
"Conventional","6497-10"
"Conventional","9391-60"
"Conventional","5020-50"
"Conventional","18179-56"
"Conventional","18921-30"
"Conventional","11490-42"
"Conventional","10539-30"
"Conventional","14043-12"
"Conventional","16867-76"
"Conventional","21762-32"
"Conventional","3534-14"
"Conventional","2211-9"
"Conventional","25967-34"
"Conventional","23173-3"
"Conventional","12718-43"
"Conventional","12747-89"
"Conventional","11563-51"
"Conventional","9090-9"
"Conventional","15588-17"
"Conventional","23576-46"
"Conventional","13556-28"
"Conventional","3059-50"
"Conventional","21154-8"
"Conventional","12617-2"
"Conventional","3232-28"
"Conventional","13932-45"
"Conventional","19584-33"
"Conventional","16315-105"
"Conventional","8231-122"
"Conventional","24494-67"
"Conventional","9795-9"
"Conventional","8874-53"
"Conventional","4769-10"
"Conventional","3893-64"
"Conventional","2855-49"
"Conventional","22496-21"
"Conventional","19219-71"
"Conventional","9313-27"
"Conventional","18407-36"
"Conventional","22993-9"
"Conventional","3508-78"
"Conventional","21346-71"
"Conventional","3519-3"
"Conventional","14624-51"
"Conventional","20995-47"
"Conventional","11328-9"
"Conventional","7934-11"
"Conventional","3898-5"
"Conventional","24951-3"
"Conventional","11538-216"
"Conventional","12438-127"
"Conventional","11208-15"
"Conventional","9316-67"
"Conventional","4905-63"
"Conventional","21746-13"
"Conventional","5691-2"
"Conventional","21403-39"
"Conventional","16809-1"
"Conventional","19129-15"
"Conventional","23546-9"
"Conventional","7148-42"
"Conventional","10336-3"
"Conventional","11350-30"
"Conventional","21189-9"
"Conventional","2877-3"
"Conventional","12332-7"
"Conventional","11838-130"
"Conventional","11486-26"
"Conventional","23307-7"
"Conventional","21108-5"
"Conventional","2622-18"
"Conventional","12717-65"
"Conventional","13565-2"
"Conventional","17789-1"
"Conventional","24671-15"
"Conventional","13436-54"
"Conventional","10668-5"
"Conventional","9366-54"
"Conventional","9110-2"
"Conventional","11926-23"
"Conventional","3363-31"
"Conventional","12705-9"
"Conventional","9793-145"
"Conventional","17744-31"
"Conventional","8465-52"
"Conventional","8644-46"
"Conventional","11424-4"
"Conventional","12685-57"
"Conventional","11421-10"
"Conventional","22150-2"
"Conventional","12001-7"
"Conventional","21528-12"
"Conventional","7957-2"
"Conventional","14655-1"
"Conventional","13497-34"
"Conventional","21487-20"
"Conventional","9713-67"
"Conventional","19173-5"
"Conventional","4970-55"
"Conventional","8970-9"
"Conventional","8993-151"
"Conventional","9394-19"
"Conventional","12687-2"
"Conventional","9918-23"
"Conventional","9231-23"
"Conventional","3221-54"
"Conventional","14042-11"
"Conventional","21190-4"
"Conventional","24940-3"
"Conventional","2212-69"
"Conventional","6940-18"
"Conventional","22959-32"
"Conventional","3365-7"
"Conventional","21389-32"
"Conventional","23008-4"
"Conventional","16857-2"
"Conventional","20435-41"
"Conventional","8828-21"
"Conventional","3057-55"
"Conventional","13692-154"
"Conventional","19215-7"
"Conventional","14049-17"
"Conventional","4140-3"
"Conventional","10900-272"
"Conventional","17816-58"
"Conventional","23408-1"
"Conventional","12657-2"
"Conventional","17826-341"
"Conventional","17835-28"
"Conventional","19273-3"
"Conventional","4832-75"
"Conventional","9061-3"
"Conventional","5581-28"
"Conventional","5748-20"
"Conventional","7835-2"
"Conventional","10451-11"
"Conventional","8954-30"
"Conventional","6213-10"
"Conventional","12662-82"
"Conventional","17387-27"
"Conventional","2953-31"
"Conventional","8376-25"
"Conventional","4914-10"
"Conventional","21391-17"
"Conventional","12348-46"
"Conventional","11464-9"
"Conventional","4238-4"
"Conventional","15612-5"
"Conventional","22990-20"
"Conventional","21708-149"
"Conventional","24670-1"
"Conventional","2670-67"
"Conventional","3714-49"
"Conventional","12692-56"
"Conventional","24245-2"
"Conventional","18202-22"
"Conventional","4923-79"
"Conventional","16309-30"
"Conventional","3644-5"
"Conventional","9893-27"
"Conventional","12842-43"
"Conventional","3046-31"
"Conventional","3291-30"
"Conventional","3030-3"
"Conventional","20367-6"
"Conventional","18396-10"
"Conventional","3868-8"
"Conventional","5090-49"
"Conventional","21706-29"
"Conventional","23619-235"
"Conventional","5132-71"
"Conventional","20057-177"
"Conventional","19377-14"
"Conventional","8295-16"
"Conventional","19767-20"
"Conventional","12517-52"
"Conventional","12445-50"
"Conventional","7743-5"
"Conventional","19147-6"
"Conventional","13994-1"
"Conventional","11094-104"
"Conventional","4272-46"
"Conventional","5360-9"
"Conventional","14685-17"
"Conventional","10948-14"
"Conventional","25416-5"
"Conventional","10342-55"
"Conventional","24947-40"
"Conventional","20533-39"
"Conventional","10851-77"
"Conventional","2829-19"
"Conventional","23571-93"
"Conventional","23554-2"
"Conventional","17686-27"
"Conventional","23695-1"
"Conventional","19809-47"
"Conventional","7210-25"
"Conventional","25116-11"
"Conventional","14108-15"
"Conventional","21925-15"
"Conventional","2333-72"
"Conventional","10910-6"
"Conventional","14687-6"
"Conventional","7864-3"
"Conventional","15674-3"
"Conventional","7796-10"
"Conventional","19166-15"
"Conventional","8245-27"
"Conventional","5124-69"
"Conventional","5124-62"
"Conventional","3166-92"
"Conventional","5260-80"
"Conventional","9829-91"
"Conventional","3879-50"
"Conventional","4292-5"
"Conventional","6049-64"
"Conventional","12533-135"
"Conventional","2966-65"
"Conventional","4500-50"
"Conventional","2741-22"
"Conventional","12716-3"
"Conventional","22445-2"
"Conventional","19808-26"
"Conventional","10780-10"
"Conventional","19379-154"
"Conventional","21143-10"
"Conventional","19365-11"
"Conventional","10939-16"
"Conventional","12621-55"
"Conventional","19258-24"
"Conventional","7015-8"
"Conventional","12826-5"
"Conventional","13539-131"
"Conventional","20221-26"
"Conventional","11459-81"
"Conventional","8043-153"
"Conventional","19310-81"
"Conventional","23210-4"
"Conventional","8004-15"
"Conventional","20579-50"
"Conventional","9959-60"
"Conventional","3504-58"
"Conventional","24457-12"
"Conventional","22050-19"
"Conventional","3441-64"
"Conventional","13659-36"
"Conventional","3847-56"
"Conventional","24712-6"
"Conventional","9233-71"
"Conventional","5011-11"
"Conventional","22003-4"
"Conventional","20191-13"
"Conventional","3045-72"
"Conventional","13490-1"
"Conventional","9457-3"
"Conventional","2837-3"
"Conventional","11814-29"
"Conventional","11606-22"
"Conventional","22376-95"
"Conventional","10876-300"
"Conventional","18253-8"
"Conventional","4693-72"
"Conventional","12721-4"
"Conventional","8891-7"
"Conventional","11358-15"
"Conventional","9340-17"
"Conventional","3766-51"
"Conventional","19553-14"
"Conventional","21351-8"
"Conventional","5078-82"
"Conventional","9261-14"
"Conventional","4904-7"
"Conventional","4128-27"
"Conventional","11103-24"
"Conventional","6521-35"
"Conventional","19240-265"
"Conventional","20401-19"
"Conventional","24979-17"
"Conventional","6925-26"
"Conventional","19206-20"
"Conventional","25082-3"
"Conventional","21718-150"
"Conventional","11537-12"
"Conventional","11237-49"
"Conventional","5229-90"
"Conventional","23597-11"
"Conventional","2925-9"
"Conventional","21734-36"
"Conventional","10612-18"
"Conventional","8687-26"
"Conventional","24914-10"
"Conventional","9284-25"
"Conventional","17447-52"
"Conventional","23039-56"
"Conventional","18259-15"
"Conventional","25437-18"
"Conventional","3079-62"
"Conventional","4959-2"
"Conventional","4280-47"
"Conventional","7982-10"
"Conventional","11382-5"
"Conventional","19296-51"
"Conventional","12960-9"
"Conventional","11227-31"
"Conventional","5885-55"
"Conventional","25308-8"
"Conventional","18210-12"
"Conventional","16853-5"
"Conventional","22569-55"
"Conventional","7878-2"
"Conventional","2381-52"
"Conventional","2851-63"
"Conventional","17224-12"
"Conventional","6451-64"
"Conventional","13543-7"
"Conventional","19617-5"
"Conventional","9582-93"
"Conventional","15453-3"
"Conventional","3421-54"
"Conventional","24435-1"
"Conventional","4908-6"
"Conventional","5012-67"
"Conventional","6621-10"
"Conventional","21163-21"
"Conventional","25298-53"
"Conventional","21173-25"
"Conventional","3798-71"
"Conventional","24952-28"
"Conventional","21441-20"
"Conventional","14036-116"
"Conventional","12382-2"
"Conventional","12415-122"
"Conventional","17195-43"
"Conventional","25956-9"
"Conventional","10424-31"
"Conventional","12499-108"
"Conventional","20139-57"
"Conventional","10514-5"
"Conventional","19824-3"
"Conventional","12605-1"
"Conventional","18317-111"
"Conventional","11428-31"
"Conventional","23369-17"
"Conventional","3516-60"
"Conventional","2330-2"
"Conventional","9278-9"
"Conventional","8776-10"
"Conventional","12904-180"
"Conventional","12635-9"
"Conventional","3825-18"
"Conventional","25108-6"
"Conventional","12459-13"
"Conventional","15394-79"
"Conventional","7776-20"
"Conventional","23038-63"
"Conventional","25272-17"
"Conventional","11531-24"
"Conventional","14123-34"
"Conventional","5491-12"
"Conventional","4859-6"
"Conventional","5586-66"
"Conventional","7144-234"
"Conventional","17166-4"
"Conventional","19570-12"
"Conventional","4394-71"
"Conventional","2443-10"
"Conventional","22387-26"
"Conventional","17468-1"
"Conventional","18304-19"
"Conventional","9028-5"
"Conventional","13604-27"
"Conventional","3535-84"
"Conventional","16596-25"
"Conventional","15636-49"
"Conventional","3481-87"
"Conventional","14324-52"
"Conventional","9952-57"
"Conventional","17729-20"
"Conventional","21114-18"
"Conventional","5248-68"
"Conventional","8095-213"
"Conventional","4840-73"
"Conventional","8952-65"
"Conventional","14120-2"
"Conventional","10505-12"
"Conventional","18187-16"
"Conventional","22544-10"
"Conventional","3887-90"
"Conventional","17804-102"
"Conventional","15608-5"
"Conventional","11817-1"
"Conventional","8962-48"
"Conventional","21238-40"
"Conventional","18817-50"
"Conventional","11448-34"
"Conventional","16616-137"
"Conventional","20243-26"
"Conventional","4967-1"
"Conventional","14250-115"
"Conventional","7917-17"
"Conventional","7805-52"
"Conventional","11480-1"
"Conventional","5486-73"
"Conventional","14756-29"
"Conventional","24279-30"
"Conventional","21239-31"
"Conventional","13572-43"
"Conventional","5000-52"
"Conventional","4886-3"
"Conventional","22969-12"
"Conventional","2578-67"
"Conventional","2785-15"
"Conventional","13748-4"
"Conventional","13687-5"
"Conventional","14012-17"
"Conventional","19369-17"
"Conventional","19797-4"
"Conventional","14287-6"
"Conventional","15509-2"
"Conventional","4708-3"
"Conventional","23294-19"
"Conventional","23553-1"
"Conventional","11910-27"
"Conventional","21991-79"
"Conventional","13484-69"
"Conventional","11140-56"
"Conventional","18175-65"
"Conventional","19163-26"
"Conventional","4588-1"
"Conventional","24265-6"
"Conventional","13985-12"
"Conventional","3480-7"
"Conventional","21340-38"
"Conventional","21483-155"
"Conventional","7785-1"
"Conventional","2514-65"
"Conventional","6433-57"
"Conventional","14157-21"
"Conventional","17175-5"
"Conventional","14334-3"
"Conventional","24694-158"
"Conventional","13125-45"
"Conventional","8280-238"
"Conventional","23152-49"
"Conventional","20460-22"
"Conventional","9876-20"
"Conventional","16802-31"
"Conventional","3635-76"
"Conventional","21761-213"
"Conventional","21748-36"
"Conventional","9878-3"
"Conventional","16932-5"
"Conventional","7838-27"
"Conventional","8754-5"
"Conventional","12490-92"
"Conventional","5663-18"
"Conventional","9869-28"
"Conventional","2970-60"
"Conventional","6382-17"
"Conventional","19280-29"
"Conventional","23037-37"
"Conventional","21929-53"
"Conventional","15418-25"
"Conventional","24427-33"
"Conventional","24268-21"
"Conventional","23649-6"
"Conventional","3070-1"
"Conventional","5343-74"
"Conventional","6024-68"
"Conventional","13605-16"
"Conventional","7113-1"
"Conventional","23268-15"
"Conventional","22023-3"
"Conventional","8463-2"
"Conventional","5660-51"
"Conventional","17357-33"
"Conventional","6493-9"
"Conventional","25501-128"
"Conventional","4535-50"
"Conventional","8385-248"
"Conventional","3617-80"
"Conventional","21181-10"
"Conventional","17755-5"
"Conventional","11825-27"
"Conventional","13984-23"
"Conventional","10630-5"
"Conventional","7753-21"
"Conventional","3178-5"
"Conventional","13730-18"
"Conventional","22034-61"
"Conventional","7968-15"
"Conventional","21770-18"
"Conventional","5903-91"
"Conventional","8016-19"
"Conventional","9263-57"
"Conventional","23416-47"
"Conventional","24235-2"
"Conventional","25055-56"
"Conventional","13487-24"
"Conventional","20106-80"
"Conventional","8876-51"
"Conventional","25054-15"
"Conventional","2768-56"
"Conventional","14073-31"
"Conventional","15347-12"
"Conventional","12573-80"
"Conventional","15495-9"
"Conventional","5624-66"
"Conventional","11318-20"
"Conventional","15363-32"
"Conventional","17685-9"
"Conventional","6461-54"
"Conventional","23286-2"
"Conventional","4230-1"
"Conventional","10344-334"
"Conventional","8104-21"
"Conventional","9768-5"
"Conventional","10046-55"
"Conventional","25073-13"
"Conventional","12869-68"
"Conventional","12016-60"
"Conventional","20584-4"
"Conventional","8803-61"
"Conventional","9300-13"
"Conventional","19329-31"
"Conventional","11145-72"
"Conventional","14628-72"
"Conventional","18319-7"
"Conventional","17683-2"
"Conventional","14065-11"
"Conventional","5596-75"
"Conventional","2911-27"
"Conventional","21167-33"
"Conventional","14098-28"
"Conventional","19612-3"
"Conventional","20574-8"
"Conventional","24929-26"
"Conventional","3839-60"
"Conventional","12772-8"
"Conventional","21839-3"
"Conventional","13931-22"
"Conventional","16618-7"
"Conventional","12779-30"
"Conventional","7786-83"
"Conventional","22112-30"
"Conventional","11266-8"
"Conventional","19120-33"
"Conventional","23337-54"
"Conventional","6285-71"
"Conventional","11391-69"
"Conventional","21540-73"
"Conventional","10365-132"
"Conventional","4965-27"
"Conventional","21331-19"
"Conventional","22989-24"
"Conventional","18910-45"
"Conventional","5354-11"
"Conventional","11667-29"
"Conventional","3170-6"
"Conventional","3204-2"
"Conventional","5707-55"
"Conventional","21945-4"
"Conventional","16875-13"
"Conventional","10056-5"
"Conventional","12882-7"
"Conventional","13573-5"
"Conventional","14318-1"
"Conventional","4130-71"
"Conventional","22019-21"
"Conventional","9557-5"
"Conventional","14631-22"
"Conventional","22115-2"
"Conventional","18381-16"
"Conventional","3719-2"
"Conventional","9450-18"
"Conventional","6576-1"
"Conventional","6520-87"
"Conventional","9846-32"
"Conventional","10080-9"
"Conventional","5656-53"
"Conventional","10023-32"
"Conventional","20056-7"
"Conventional","11647-6"
"Conventional","7738-299"
"Conventional","21546-20"
"Conventional","13937-75"
"Conventional","16760-2"
"Conventional","2989-17"
"Conventional","15346-31"
"Conventional","19222-124"
"Conventional","7898-29"
"Conventional","17699-43"
"Conventional","3848-14"
"Conventional","17671-58"
"Conventional","21524-14"
"Conventional","4309-59"
"Conventional","10339-48"
"Conventional","11083-23"
"Conventional","4318-12"
"Conventional","9126-171"
"Conventional","2732-58"
"Conventional","10703-203"
"Conventional","3890-8"
"Conventional","5183-53"
"Conventional","21663-149"
"Conventional","21508-7"
"Conventional","8853-2"
"Conventional","13514-121"
"Conventional","10809-14"
"Conventional","20562-78"
"Conventional","17692-2"
"Conventional","22950-6"
"Conventional","21323-2"
"Conventional","7143-9"
"Conventional","12862-14"
"Conventional","18172-71"
"Conventional","20135-85"
"Conventional","12847-27"
"Conventional","25299-11"
"Conventional","8364-74"
"Conventional","14081-5"
"Conventional","3081-70"
"Conventional","11134-30"
"Conventional","21146-187"
"Conventional","5007-1"
"Conventional","3498-53"
"Conventional","21897-4"
"Conventional","9170-24"
"Conventional","14026-24"
"Conventional","2775-54"
"Conventional","14663-44"
"Conventional","16900-29"
"Conventional","5065-8"
"Conventional","20581-42"
"Conventional","13085-18"
"Conventional","6594-64"
"Conventional","21883-17"
"Conventional","12756-3"
"Conventional","5736-1"
"Conventional","19228-11"
"Conventional","20958-13"
"Conventional","23395-5"
"Conventional","9951-36"
"Conventional","11416-23"
"Conventional","3359-11"
"Conventional","17812-2"
"Conventional","18898-36"
"Conventional","15466-30"
"Conventional","6631-17"
"Conventional","17792-158"
"Conventional","7012-35"
"Conventional","15480-2"
"Conventional","17675-17"
"Conventional","11649-3"
"Conventional","21829-8"
"Conventional","17703-40"
"Conventional","6948-82"
"Conventional","21604-2"
"Conventional","7253-6"
"Conventional","15635-4"
"Conventional","2875-15"
"Conventional","22401-26"
"Conventional","22068-5"
"Conventional","19132-1"
"Conventional","9525-1"
"Conventional","12991-49"
"Conventional","17785-11"
"Conventional","18337-4"
"Conventional","2597-8"
"Conventional","4867-15"
"Conventional","14032-2"
"Conventional","19437-61"
"Conventional","5927-4"
"Conventional","8869-5"
"Conventional","6577-64"
"Conventional","12475-48"
"Conventional","6556-5"
"Conventional","3623-84"
"Conventional","21387-64"
"Conventional","19786-26"
"Conventional","10748-216"
"Conventional","13947-371"
"Conventional","13132-14"
"Conventional","13731-14"
"Conventional","2888-49"
"Conventional","2948-58"
"Conventional","13496-19"
"Conventional","19141-22"
"Conventional","13492-44"
"Conventional","19242-21"
"Conventional","14094-29"
"Conventional","9545-156"
"Conventional","12784-10"
"Conventional","13589-10"
"Conventional","3043-49"
"Conventional","14110-200"
"Conventional","7207-4"
"Conventional","5230-99"
"Conventional","13950-9"
"Conventional","13535-2"
"Conventional","9738-7"
"Conventional","9021-1"
"Conventional","18215-5"
"Conventional","3172-28"
"Conventional","11659-31"
"Conventional","3340-53"
"Conventional","10367-62"
"Conventional","13733-5"
"Conventional","9026-40"
"Conventional","9864-38"
"Conventional","3591-51"
"Conventional","16312-45"
"Conventional","3889-64"
"Conventional","12352-70"
"Conventional","24721-17"
"Conventional","19236-24"
"Conventional","5615-62"
"Conventional","18186-15"
"Conventional","5255-22"
"Conventional","12670-15"
"Conventional","9224-20"
"Conventional","5114-65"
"Conventional","2906-55"
"Conventional","13663-2"
"Conventional","3741-4"
"Conventional","11071-1"
"Conventional","7038-45"
"Conventional","8909-77"
"Conventional","21704-8"
"Conventional","3902-21"
"Conventional","3486-58"
"Conventional","2857-70"
"Conventional","5837-49"
"Conventional","24314-9"
"Conventional","3060-43"
"Conventional","13722-105"
"Conventional","20411-52"
"Conventional","18284-77"
"Conventional","21664-6"
"Conventional","12707-26"
"Conventional","21478-20"
"Conventional","3459-49"
"Conventional","22104-39"
"Conventional","6231-46"
"Conventional","7975-97"
"Conventional","20586-18"
"Conventional","15343-337"
"Conventional","19631-13"
"Conventional","7784-1"
"Conventional","4918-21"
"Conventional","4996-66"
"Conventional","13111-79"
"Conventional","13640-5"
"Conventional","9832-33"
"Conventional","18415-16"
"Conventional","5337-64"
"Conventional","6232-54"
"Conventional","17808-37"
"Conventional","6531-29"
"Conventional","20103-176"
"Conventional","19587-12"
"Conventional","11226-16"
"Conventional","25247-12"
"Conventional","19803-34"
"Conventional","22955-28"
"Conventional","19279-42"
"Conventional","12368-18"
"Conventional","15514-26"
"Conventional","8239-223"
"Conventional","7117-21"
"Conventional","13268-45"
"Conventional","25041-11"
"Conventional","4392-54"
"Conventional","19125-26"
"Conventional","21763-46"
"Conventional","12343-14"
"Conventional","8309-12"
"Conventional","13076-4"
"Conventional","14132-21"
"Conventional","21636-63"
"Conventional","3903-49"
"Conventional","25453-57"
"Conventional","9005-16"
"Conventional","10616-67"
"Conventional","3822-54"
"Conventional","9412-52"
"Conventional","21743-1"
"Conventional","21759-23"
"Conventional","19325-21"
"Conventional","12701-1"
"Conventional","24935-62"
"Conventional","25287-7"
"Conventional","25218-10"
"Conventional","5882-34"
"Conventional","7049-2"
"Conventional","12426-19"
"Conventional","8013-9"
"Conventional","23664-17"
"Conventional","13973-62"
"Conventional","4851-25"
"Conventional","2468-62"
"Conventional","10513-13"
"Conventional","23389-28"
"Conventional","13655-34"
"Conventional","3837-6"
"Conventional","25104-10"
"Conventional","21135-16"
"Conventional","17748-21"
"Conventional","12799-65"
"Conventional","9204-33"
"Conventional","2558-51"
"Conventional","4890-10"
"Conventional","13612-7"
"Conventional","12616-45"
"Conventional","7737-76"
"Conventional","20189-4"
"Conventional","20189-28"
"Conventional","13451-2"
"Conventional","21688-50"
"Conventional","12845-18"
"Conventional","21823-5"
"Conventional","5253-1"
"Conventional","4891-50"
"Conventional","20195-13"
"Conventional","12594-5"
"Conventional","13628-58"
"Conventional","3317-33"
"Conventional","15427-35"
"Conventional","16831-7"
"Conventional","6593-5"
"Conventional","17857-6"
"Conventional","13986-6"
"Conventional","8480-29"
"Conventional","13095-51"
"Conventional","10063-10"
"Conventional","3434-34"
"Conventional","3435-53"
"Conventional","12351-25"
"Conventional","10370-21"
"Conventional","24920-6"
"Conventional","8343-224"
"Conventional","17776-15"
"Conventional","2570-72"
"Conventional","8469-41"
"Conventional","8819-3"
"Conventional","22985-160"
"Conventional","2685-21"
"Conventional","19616-100"
"Conventional","12813-18"
"Conventional","22386-11"
"Conventional","14102-6"
"Conventional","3195-50"
"Conventional","10588-39"
"Conventional","21721-6"
"Conventional","20935-4"
"Conventional","19332-1"
"Conventional","17150-8"
"Conventional","14133-93"
"Conventional","5666-64"
"Conventional","2991-9"
"Conventional","2994-71"
"Conventional","4234-8"
"Conventional","14079-14"
"Conventional","3446-7"
"Conventional","2993-1"
"Conventional","10457-3"
"Conventional","8258-22"
"Conventional","3471-49"
"Conventional","13570-43"
"Conventional","3873-51"
"Conventional","2961-1"
"Conventional","3758-68"
"Conventional","3758-63"
"Conventional","15403-53"
"Conventional","9426-73"
"Conventional","22981-3"
"Conventional","17791-25"
"Conventional","13689-2"
"Conventional","7849-3"
"Conventional","22123-15"
"Conventional","9017-58"
"Conventional","12675-14"
"Conventional","12987-12"
"Conventional","9923-6"
"Conventional","4559-64"
"Conventional","9590-10"
"Conventional","7875-86"
"Conventional","15439-21"
"Conventional","21885-196"
"Conventional","6431-68"
"Conventional","3875-62"
"Conventional","3361-26"
"Conventional","22510-6"
"Conventional","23392-41"
"Conventional","9287-6"
"Conventional","7190-50"
"Conventional","16288-17"
"Conventional","24215-8"
"Conventional","10454-99"
"Conventional","11302-237"
"Conventional","8345-27"
"Conventional","12432-23"
"Conventional","25049-8"
"Conventional","24293-39"
"Conventional","3404-51"
"Conventional","14103-12"
"Conventional","5756-66"
"Conventional","11142-11"
"Conventional","9092-33"
"Conventional","7198-197"
"Conventional","6217-23"
"Conventional","9845-33"
"Conventional","19523-215"
"Conventional","9097-5"
"Conventional","10637-50"
"Conventional","18403-25"
"Conventional","22073-47"
"Conventional","23226-42"
"Conventional","11449-22"
"Conventional","23225-26"
"Conventional","12622-96"
"Conventional","12848-9"
"Conventional","24266-2"
"Conventional","21647-9"
"Conventional","23404-16"
"Conventional","5400-52"
"Conventional","6538-90"
"Conventional","10047-12"
"Conventional","21430-4"
"Conventional","17405-2"
"Conventional","21599-6"
"Conventional","8660-5"
"Conventional","8660-33"
"Conventional","16836-1"
"Conventional","25291-27"
"Conventional","13983-27"
"Conventional","10938-13"
"Conventional","7100-31"
"Conventional","12444-39"
"Conventional","9249-17"
"Conventional","8597-1"
"Conventional","17332-3"
"Conventional","22792-21"
"Conventional","12548-75"
"Conventional","3213-65"
"Conventional","4909-68"
"Conventional","15668-19"
"Conventional","7766-25"
"Conventional","25466-84"
"Conventional","3392-68"
"Conventional","17333-20"
"Conventional","7927-16"
"Conventional","7953-20"
"Conventional","3292-75"
"Conventional","22001-23"
"Conventional","22773-69"
"Conventional","10569-28"
"Conventional","9294-45"
"Conventional","13580-2"
"Conventional","17855-28"
"Conventional","23020-18"
"Conventional","12695-62"
"Conventional","16298-84"
"Conventional","13631-1"
"Conventional","15326-64"
"Conventional","8767-44"
"Conventional","3611-70"
"Conventional","24211-25"
"Conventional","11457-53"
"Conventional","15570-99"
"Conventional","17682-1"
"Conventional","6273-58"
"Conventional","3473-78"
"Conventional","2939-10"
"Conventional","9595-11"
"Conventional","4192-10"
"Conventional","3855-56"
"Conventional","20947-50"
"Conventional","4931-59"
"Conventional","7732-45"
"Conventional","23373-77"
"Conventional","3052-8"
"Conventional","14030-21"
"Conventional","2839-2"
"Conventional","5018-68"
"Conventional","12395-86"
"Conventional","21967-20"
"Conventional","9999-1"
"Conventional","3344-60"
"Conventional","20442-12"
"Conventional","19438-68"
"Conventional","9050-170"
"Conventional","17367-5"
"Conventional","13427-66"
"Conventional","12329-21"
"Conventional","9219-70"
"Conventional","9898-161"
"Conventional","19264-6"
"Conventional","10418-36"
"Conventional","16899-59"
"Conventional","19334-62"
"Conventional","4815-25"
"Conventional","5594-87"
"Conventional","15299-102"
"Conventional","5508-62"
"Conventional","4430-44"
"Conventional","10835-25"
"Conventional","9172-69"
"Conventional","2954-56"
"Conventional","2750-3"
"Conventional","23243-120"
"Conventional","5315-22"
"Conventional","11277-23"
"Conventional","12366-16"
"Conventional","19145-4"
"Conventional","6590-54"
"Conventional","15387-44"
"Conventional","20128-1"
"Conventional","10832-24"
"Conventional","10704-91"
"Conventional","9096-80"
"Conventional","20390-4"
"Conventional","6228-58"
"Conventional","11544-39"
"Conventional","14009-65"
"Conventional","18399-1"
"Conventional","17778-19"
"Conventional","11618-83"
"Conventional","21144-160"
"Conventional","11401-181"
"Conventional","5867-60"
"Conventional","2975-19"
"Conventional","22394-8"
"Conventional","12846-3"
"Conventional","7064-2"
"Conventional","19122-47"
"Conventional","11540-37"
"Conventional","9487-60"
"Conventional","16293-1"
"Conventional","21828-6"
"Conventional","9847-21"
"Conventional","19291-2"
"Conventional","11143-32"
"Conventional","10643-16"
"Conventional","13486-9"
"Conventional","13745-10"
"Conventional","13113-7"
"Conventional","8398-277"
"Conventional","25240-1"
"Conventional","21395-23"
"Conventional","3807-1"
"Conventional","11494-4"
"Conventional","10081-17"
"Conventional","9865-40"
"Conventional","12667-2"
"Conventional","22488-17"
"Conventional","6362-6"
"Conventional","8035-6"
"Conventional","12522-6"
"Conventional","5364-7"
"Conventional","24717-26"
"Conventional","14283-12"
"Conventional","19482-11"
"Conventional","20383-31"
"Conventional","23588-9"
"Conventional","23654-6"
"Conventional","2719-3"
"Conventional","19483-16"
"Conventional","12668-7"
"Conventional","3078-1"
"Conventional","20370-6"
"Conventional","25886-11"
"Conventional","23699-61"
"Conventional","3520-58"
"Conventional","19136-22"
"Conventional","12503-5"
"Conventional","22113-2"
"Conventional","12843-6"
"Conventional","21827-7"
"Conventional","11568-2"
"Conventional","18236-3"
"Conventional","18218-48"
"Conventional","24486-1"
"Conventional","19294-26"
"Conventional","3197-70"
"Conventional","21549-144"
"Conventional","13642-90"
"Conventional","9853-3"
"Conventional","15315-64"
"Conventional","9035-2"
"Conventional","17805-35"
"Conventional","23535-3"
"Conventional","4912-17"
"Conventional","7142-5"
"Conventional","23296-29"
"Conventional","12658-72"
"Conventional","23301-2"
"Conventional","3773-15"
"Conventional","11162-37"
"Conventional","21815-7"
"Conventional","5754-76"
"Conventional","6410-26"
"Conventional","21810-50"
"Conventional","5060-62"
"Conventional","5714-88"
"Conventional","6214-84"
"Conventional","6713-4"
"Conventional","8330-1"
"Conventional","15472-16"
"Conventional","18160-2"
"Conventional","13541-1"
"Conventional","9963-19"
"Conventional","22845-3"
"Conventional","2708-54"
"Conventional","7247-1"
"Conventional","19265-9"
"Conventional","25452-16"
"Conventional","6219-14"
"Conventional","10576-7"
"Conventional","11342-59"
"Conventional","22797-20"
"Conventional","2917-3"
"Conventional","14061-48"
"Conventional","7197-2"
"Conventional","3836-51"
"Conventional","17704-74"
"Conventional","18909-11"
"Conventional","3283-21"
"Conventional","21338-44"
"Conventional","12737-12"
"Conventional","8265-225"
"Conventional","12392-30"
"Conventional","21509-29"
"Conventional","13583-19"
"Conventional","10035-6"
"Conventional","4542-24"
"Conventional","8529-1"
"Conventional","7693-13"
"Conventional","5534-49"
"Conventional","12976-49"
"Conventional","8918-64"
"Conventional","11395-5"
"Conventional","21269-198"
"Conventional","16751-15"
"Conventional","3723-1"
"Conventional","7655-11"
"Conventional","12046-51"
"Conventional","2605-49"
"Conventional","24725-4"
"Conventional","19613-16"
"Conventional","23203-3"
"Conventional","13727-44"
"Conventional","6315-58"
"Conventional","19639-53"
"Conventional","24948-79"
"Conventional","16561-9"
"Conventional","13713-164"
"Conventional","21589-80"
"Conventional","20943-14"
"Conventional","13726-4"
"Conventional","2603-61"
"Conventional","12711-19"
"Conventional","3488-64"
"Conventional","22588-35"
"Conventional","21811-20"
"Conventional","5437-63"
"Conventional","4696-2"
"Conventional","8833-20"
"Conventional","10565-19"
"Conventional","3390-72"
"Conventional","9971-5"
"Conventional","19208-8"
"Conventional","3437-80"
"Conventional","7852-9"
"Conventional","20941-7"
"Conventional","10011-65"
"Conventional","8867-18"
"Conventional","6526-77"
"Conventional","11146-4"
"Conventional","6367-66"
"Conventional","4150-75"
"Conventional","3710-49"
"Conventional","4151-6"
"Conventional","5063-12"
"Conventional","3324-51"
"Conventional","9887-40"
"Conventional","8985-13"
"Conventional","17513-11"
"Conventional","13423-94"
"Conventional","20999-12"
"Conventional","11312-40"
"Conventional","12625-138"
"Conventional","9779-63"
"Conventional","18868-7"
"Conventional","5351-52"
"Conventional","4562-1"
"Conventional","23002-27"
"Conventional","20590-13"
"Conventional","4383-97"
"Conventional","19622-7"
"Conventional","2748-3"
"Conventional","8467-9"
"Conventional","13738-8"
"Conventional","18814-21"
"Conventional","21899-36"
"Conventional","19615-213"
"Conventional","12851-5"
"Conventional","15437-11"
"Conventional","21161-16"
"Conventional","15522-2"
"Conventional","19257-11"
"Conventional","19213-1"
"Conventional","20054-28"
"Conventional","11396-39"
"Conventional","2711-6"
"Conventional","14101-2"
"Conventional","21327-12"
"Conventional","25273-80"
"Conventional","18398-1"
"Conventional","20957-57"
"Conventional","25938-13"
"Conventional","4158-54"
"Conventional","19251-56"
"Conventional","7189-55"
"Conventional","7745-3"
"Conventional","11645-9"
"Conventional","18286-3"
"Conventional","19293-6"
"Conventional","11468-15"
"Conventional","17393-13"
"Conventional","12521-3"
"Conventional","23275-9"
"Conventional","23345-2"
"Conventional","11307-33"
"Conventional","7789-182"
"Conventional","12562-1"
"Conventional","18881-7"
"Conventional","19260-4"
"Conventional","22970-8"
"Conventional","8233-2"
"Conventional","20926-31"
"Conventional","6425-87"
"Conventional","4271-75"
"Conventional","8089-173"
"Conventional","21667-57"
"Conventional","21128-2"
"Conventional","3357-67"
"Conventional","9182-3"
"Conventional","8601-167"
"Conventional","10699-52"
"Conventional","22474-28"
"Conventional","15653-9"
"Conventional","2706-69"
"Conventional","24443-8"
"Conventional","17512-2"
"Conventional","5036-50"
"Conventional","8858-21"
"Conventional","8931-124"
"Conventional","21563-3"
"Conventional","21356-6"
"Conventional","9794-17"
"Conventional","9449-150"
"Conventional","7155-46"
"Conventional","23310-51"
"Conventional","21504-41"
"Conventional","25037-4"
"Conventional","25921-3"
"Conventional","4982-54"
"Conventional","4413-3"
"Conventional","6384-19"
"Conventional","24687-18"
"Conventional","7083-74"
"Conventional","7181-17"
"Conventional","4563-61"
"Conventional","11573-3"
"Conventional","23402-147"
"Conventional","15383-200"
"Conventional","12408-333"
"Conventional","12471-47"
"Conventional","14229-5"
"Conventional","6936-7"
"Conventional","9957-9"
"Conventional","7115-5"
"Conventional","18182-24"
"Conventional","22831-11"
"Conventional","13610-9"
"Conventional","19357-11"
"Conventional","8044-90"
"Conventional","19187-21"
"Conventional","3894-15"
"Conventional","9388-18"
"Conventional","9255-5"
"Conventional","21757-49"
"Conventional","13107-9"
"Conventional","6238-55"
"Conventional","18873-8"
"Conventional","21911-17"
"Conventional","9282-12"
"Conventional","16927-9"
"Conventional","24013-6"
"Conventional","12676-1"
"Conventional","22586-24"
"Conventional","12461-8"
"Conventional","12528-40"
"Conventional","21674-132"
"Conventional","20918-28"
"Conventional","25963-2"
"Conventional","9754-33"
"Conventional","20427-18"
"Conventional","21326-28"
"Conventional","10012-5"
"Conventional","8334-65"
"Conventional","21129-95"
"Conventional","24647-3"
"Conventional","14006-36"
"Conventional","9266-1"
"Conventional","18291-8"
"Conventional","9883-29"
"Conventional","8106-15"
"Conventional","25422-58"
"Conventional","21628-6"
"Conventional","3495-15"
"Conventional","4956-2"
"Conventional","8843-34"
"Conventional","6508-68"
"Conventional","5001-6"
"Conventional","9086-95"
"Conventional","13482-14"
"Conventional","18233-10"
"Conventional","23903-3"
"Conventional","12793-4"
"Conventional","23541-61"
"Conventional","9885-41"
"Conventional","14131-37"
"Conventional","8772-5"
"Conventional","17462-19"
"Conventional","10351-51"
"Conventional","17693-2"
"Conventional","6326-20"
"Conventional","15667-39"
"Conventional","25468-5"
"Conventional","6986-17"
"Conventional","11683-19"
"Conventional","12560-9"
"Conventional","17200-50"
"Conventional","3037-62"
"Conventional","18314-88"
"Conventional","2696-87"
"Conventional","17196-5"
"Conventional","2599-51"
"Conventional","3892-21"
"Conventional","25078-13"
"Conventional","5807-77"
"Conventional","8762-38"
"Conventional","2755-8"
"Conventional","2683-1"
"Conventional","4900-8"
"Conventional","2754-50"
"Conventional","4480-59"
"Conventional","5803-24"
"Conventional","17676-13"
"Conventional","5988-49"
"Conventional","5355-69"
"Conventional","17823-40"
"Conventional","25907-47"
"Conventional","9762-14"
"Conventional","12786-61"
"Conventional","19261-12"
"Conventional","23028-49"
"Conventional","4471-50"
"Conventional","10708-3"
"Conventional","14136-234"
"Conventional","11200-52"
"Conventional","12655-30"
"Conventional","10572-65"
"Conventional","19194-9"
"Conventional","6368-9"
"Conventional","9913-4"
"Conventional","15666-21"
"Conventional","13123-3"
"Conventional","9128-34"
"Conventional","15440-57"
"Conventional","22958-6"
"Conventional","18883-4"
"Conventional","17364-8"
"Conventional","23687-27"
"Conventional","18916-25"
"Conventional","15432-1"
"Conventional","23783-22"
"Conventional","8347-222"
"Conventional","13512-28"
"Conventional","13504-147"
"Conventional","12411-60"
"Conventional","2752-62"
"Conventional","23374-42"
"Conventional","9436-2"
"Conventional","15402-2"
"Conventional","3845-51"
"Conventional","7046-6"
"Conventional","24723-58"
"Conventional","11246-3"
"Conventional","25296-3"
"Conventional","19252-67"
"Conventional","15323-112"
"Conventional","19289-29"
"Conventional","25244-9"
"Conventional","12656-1"
"Conventional","13934-3"
"Conventional","4878-3"
"Conventional","3077-66"
"Conventional","21691-27"
"Conventional","7244-16"
"Conventional","18299-13"
"Conventional","16609-106"
"Conventional","7958-15"
"Conventional","21923-24"
"Conventional","12527-50"
"Conventional","5236-2"
"Conventional","5017-19"
"Conventional","17151-84"
"Conventional","23351-59"
"Conventional","17742-2"
"Conventional","13739-3"
"Conventional","4547-59"
"Conventional","11241-8"
"Conventional","3866-7"
"Conventional","17172-19"
"Conventional","10608-9"
"Conventional","20225-119"
"Conventional","13032-1"
"Conventional","10010-10"
"Conventional","5476-66"
"Conventional","20937-43"
"Conventional","2960-66"
"Conventional","10006-25"
"Conventional","23380-16"
"Conventional","22043-174"
"Conventional","21752-10"
"Conventional","16908-5"
"Conventional","18871-24"
"Conventional","3628-3"
"Conventional","19148-58"
"Conventional","21117-18"
"Conventional","8834-58"
"Conventional","5725-1"
"Conventional","5358-3"
"Conventional","17843-30"
"Conventional","12574-36"
"Conventional","9125-23"
"Conventional","3605-77"
"Conventional","8091-16"
"Conventional","2778-10"
"Conventional","13742-66"
"Conventional","20205-55"
"Conventional","17474-106"
"Conventional","3169-70"
"Conventional","6237-11"
"Conventional","10069-2"
"Conventional","15474-7"
"Conventional","11989-35"
"Conventional","2449-1"
"Conventional","4546-27"
"Conventional","4212-5"
"Conventional","15398-2"
"Conventional","13375-48"
"Conventional","3191-50"
"Conventional","3499-77"
"Conventional","14022-17"
"Conventional","24901-4"
"Conventional","5131-15"
"Conventional","18282-1"
"Conventional","2731-29"
"Conventional","19635-69"
"Conventional","19271-64"
"Conventional","7910-41"
"Conventional","22395-7"
"Conventional","13405-61"
"Conventional","9841-197"
"Conventional","3651-50"
"Conventional","8100-15"
"Conventional","6990-44"
"Conventional","8696-15"
"Conventional","22049-24"
"Conventional","4707-50"
"Conventional","21771-47"
"Conventional","8759-29"
"Conventional","23375-4"
"Conventional","16823-75"
"Conventional","8024-64"
"Conventional","12686-15"
"Conventional","12663-1"
"Conventional","6485-59"
"Conventional","23566-6"
"Conventional","18950-13"
"Conventional","7790-21"
"Conventional","23273-42"
"Conventional","12923-51"
"Conventional","13516-46"
"Conventional","21360-27"
"Conventional","9267-2"
"Conventional","8222-49"
"Conventional","20451-126"
"Conventional","11214-40"
"Conventional","21690-31"
"Conventional","25460-36"
"Conventional","19200-16"
"Conventional","8839-4"
"Conventional","5252-33"
"Conventional","22430-15"
"Conventional","11280-6"
"Conventional","19327-31"
"Conventional","2858-29"
"Conventional","21136-1"
"Conventional","9234-8"
"Conventional","24946-9"
"Conventional","12853-112"
"Conventional","22129-55"
"Conventional","3305-6"
"Conventional","20055-40"
"Conventional","17737-7"
"Conventional","9995-6"
"Conventional","23293-15"
"Conventional","4963-19"
"Conventional","3891-56"
"Conventional","3859-50"
"Conventional","7880-9"
"Conventional","6069-71"
"Conventional","21521-17"
"Conventional","9171-11"
"Conventional","17756-69"
"Conventional","21219-7"
"Conventional","4929-55"
"Conventional","7909-37"
"Conventional","23646-5"
"Conventional","20528-23"
"Conventional","18922-27"
"Conventional","7218-87"
"Conventional","9899-28"
"Conventional","12759-47"
"Conventional","12376-85"
"Conventional","3681-87"
"Conventional","15544-25"
"Conventional","8620-56"
"Conventional","3007-7"
"Conventional","6227-1"
"Conventional","13708-56"
"Conventional","2834-54"
"Conventional","22512-18"
"Conventional","19253-82"
"Conventional","7134-14"
"Conventional","13097-11"
"Conventional","18280-29"
"Conventional","20986-58"
"Conventional","22516-30"
"Conventional","7211-2"
"Conventional","21445-40"
"Conventional","12832-10"
"Conventional","11215-6"
"Conventional","5410-53"
"Conventional","24420-57"
"Conventional","14074-2"
"Conventional","3074-6"
"Conventional","9099-19"
"Conventional","5930-54"
"Conventional","5441-67"
"Conventional","20912-10"
"Conventional","24304-3"
"Conventional","9859-180"
"Conventional","13129-40"
"Conventional","7183-102"
"Conventional","5687-5"
"Conventional","15566-10"
"Conventional","6245-4"
"Conventional","5312-49"
"Conventional","2937-10"
"Conventional","2938-55"
"Conventional","2418-55"
"Conventional","15364-101"
"Conventional","21969-5"
"Conventional","2805-6"
"Conventional","15573-110"
"Conventional","8565-160"
"Conventional","8832-55"
"Conventional","5638-23"
"Conventional","6933-20"
"Conventional","17799-9"
"Conventional","18180-58"
"Conventional","4549-78"
"Conventional","11129-66"
"Conventional","25057-2"
"Conventional","5813-58"
"Conventional","12689-56"
"Conventional","14052-26"
"Conventional","13463-1"
"Conventional","4374-45"
"Conventional","20432-6"
"Conventional","16854-17"
"Conventional","19602-36"
"Conventional","6584-1"
"Conventional","8357-43"
"Conventional","5703-26"
"Conventional","25480-21"
"Conventional","25461-3"
"Conventional","21533-51"
"Conventional","16807-35"
"Conventional","5440-26"
"Conventional","22047-46"
"Conventional","25481-66"
"Conventional","8924-55"
"Conventional","6919-3"
"Conventional","13719-19"
"Conventional","9576-58"
"Conventional","9057-19"
"Conventional","23364-3"
"Conventional","9378-6"
"Conventional","17728-61"
"Conventional","19111-10"
"Conventional","25089-21"
"Conventional","25236-11"
"Conventional","13062-4"
"Conventional","23162-36"
"Conventional","22070-5"
"Conventional","19755-38"
"Conventional","24960-48"
"Conventional","11454-87"
"Conventional","24252-85"
"Conventional","10815-2"
"Conventional","9867-23"
"Conventional","8306-54"
"Conventional","9008-6"
"Conventional","21760-22"
"Conventional","23224-11"
"Conventional","3082-9"
"Conventional","22583-47"
"Conventional","2747-3"
"Conventional","24899-13"
"Conventional","5695-5"
"Conventional","16302-11"
"Conventional","4284-18"
"Conventional","7850-1"
"Conventional","9306-7"
"Conventional","25094-9"
"Conventional","3083-71"
"Conventional","6404-20"
"Conventional","3034-1"
"Conventional","20126-19"
"Conventional","3727-35"
"Conventional","2705-5"
"Conventional","14068-29"
"Conventional","17770-42"
"Conventional","18224-11"
"Conventional","12693-2"
"Conventional","14286-2"
"Conventional","9759-13"
"Conventional","9244-27"
"Conventional","23662-10"
"Conventional","23645-49"
"Conventional","9960-2"
"Conventional","9016-12"
"Conventional","11911-13"
"Conventional","12387-7"
"Conventional","13961-18"
"Conventional","10571-14"
"Conventional","23669-20"
"Conventional","5204-13"
"Conventional","23309-11"
"Conventional","21491-7"
"Conventional","12700-9"
"Conventional","6434-18"
"Conventional","20458-22"
"Conventional","25083-26"
"Conventional","18842-24"
"Conventional","13975-56"
"Conventional","3202-28"
"Conventional","3352-80"
"Conventional","13747-9"
"Conventional","2633-52"
"Conventional","18197-97"
"Conventional","9927-96"
"Conventional","25072-11"
"Conventional","13513-174"
"Conventional","5245-40"
"Conventional","3032-11"
"Conventional","8036-75"
"Conventional","11286-78"
"Conventional","21321-2"
"Conventional","11439-88"
"Conventional","11185-145"
"Conventional","3066-12"
"Conventional","3852-19"
"Conventional","19361-78"
"Conventional","3208-2"
"Conventional","22015-2"
"Conventional","10001-7"
"Conventional","24221-3"
"Conventional","24975-3"
"Conventional","9929-16"
"Conventional","8272-22"
"Conventional","12630-8"
"Conventional","21438-45"
"Conventional","23241-27"
"Conventional","21523-71"
"Conventional","15436-40"
"Conventional","21537-33"
"Conventional","4282-3"
"Conventional","24941-14"
"Conventional","9211-19"
"Conventional","7735-17"
"Conventional","17158-17"
"Conventional","8872-1"
"Conventional","12628-31"
"Conventional","3538-26"
"Conventional","25225-14"
"Conventional","15306-20"
"Conventional","17698-15"
"Conventional","5888-29"
"Conventional","10955-4"
"Conventional","8070-88"
"Conventional","14636-25"
"Conventional","3325-2"
"Conventional","23305-38"
"Conventional","6899-37"
"Conventional","15333-11"
"Conventional","12564-9"
"Conventional","11476-43"
"Conventional","25252-29"
"Conventional","14175-78"
"Conventional","13105-7"
"Conventional","19364-163"
"Conventional","2915-6"
"Conventional","9942-2"
"Conventional","11444-49"
"Conventional","3461-58"
"Conventional","4337-49"
"Conventional","2474-54"
"Conventional","7951-146"
"Conventional","7089-42"
"Conventional","21781-9"
"Conventional","20953-34"
"Conventional","23670-11"
"Conventional","10030-8"
"Conventional","6549-60"
"Conventional","14226-120"
"Conventional","10391-1"
"Conventional","10382-1"
"Conventional","17355-56"
"Conventional","12818-159"
"Conventional","24710-1"
"Conventional","7853-19"
"Conventional","11104-13"
"Conventional","25065-22"
"Conventional","3600-2"
"Conventional","17156-72"
"Conventional","15319-226"
"Conventional","11161-5"
"Conventional","6645-53"
"Conventional","3457-57"
"Conventional","12726-3"
"Conventional","3872-2"
"Conventional","14072-9"
"Conventional","15384-15"
"Conventional","22082-25"
"Conventional","8633-18"
"Conventional","6510-56"
"Conventional","23250-3"
"Conventional","8348-4"
"Conventional","8225-86"
"Conventional","12452-32"
"Conventional","21111-49"
"Conventional","12653-13"
"Conventional","17436-193"
"Conventional","3192-3"
"Conventional","13653-335"
"Conventional","10961-15"
"Conventional","7822-11"
"Conventional","21655-18"
"Conventional","23264-42"
"Conventional","7935-26"
"Conventional","11273-176"
"Conventional","19302-7"
"Conventional","24684-7"
"Conventional","13960-15"
"Conventional","7857-22"
"Conventional","22088-3"
"Conventional","4414-69"
"Conventional","19590-46"
"Conventional","5193-51"
"Conventional","20073-22"
"Conventional","8028-22"
"Conventional","17796-15"
"Conventional","22125-9"
"Conventional","4969-2"
"Conventional","22393-130"
"Conventional","13552-7"
"Conventional","3206-4"
"Conventional","12361-102"
"Conventional","23643-22"
"Conventional","11160-56"
"Conventional","8967-6"
"Conventional","24896-5"
"Conventional","25248-28"
"Conventional","24474-12"
"Conventional","19259-176"
"Conventional","6504-65"
"Conventional","9115-78"
"Conventional","5347-59"
"Conventional","3422-4"
"Conventional","3592-4"
"Conventional","17362-5"
"Conventional","8569-147"
"Conventional","20561-15"
"Conventional","8958-51"
"Conventional","3601-54"
"Conventional","23568-41"
"Conventional","15395-15"
"Conventional","7239-9"
"Conventional","11102-22"
"Conventional","3521-16"
"Conventional","18212-43"
"Conventional","9748-31"
"Conventional","21539-139"
"Conventional","9830-109"
"Conventional","16591-71"
"Conventional","13704-5"
"Conventional","11300-32"
"Conventional","12727-7"
"Conventional","8520-8"
"Conventional","11297-54"
"Conventional","8407-84"
"Conventional","5106-52"
"Conventional","5801-72"
"Conventional","17773-26"
"Conventional","12578-13"
"Conventional","7625-27"
"Conventional","13654-1"
"Conventional","24469-10"
"Conventional","15414-316"
"Conventional","18832-65"
"Conventional","2620-4"
"Conventional","4132-27"
"Conventional","6471-53"
"Conventional","7885-17"
"Conventional","3666-17"
"Conventional","16055-3"
"Conventional","21383-37"
"Conventional","8400-74"
"Conventional","5897-58"
"Conventional","17391-10"
"Conventional","3151-6"
"Conventional","24720-10"
"Conventional","3445-53"
"Conventional","14054-17"
"Conventional","18913-3"
"Conventional","9848-22"
"Conventional","23308-31"
"Conventional","25904-17"
"Conventional","17822-57"
"Conventional","5629-58"
"Conventional","19558-10"
"Conventional","21579-35"
"Conventional","23255-7"
"Conventional","19270-26"
"Conventional","13126-52"
"Conventional","16317-20"
"Conventional","11310-8"
"Conventional","4981-6"
"Conventional","10882-12"
"Conventional","24701-21"
"Conventional","25087-11"
"Conventional","20436-93"
"Conventional","25215-1"
"Conventional","17672-184"
"Conventional","11232-46"
"Conventional","19614-8"
"Conventional","10366-11"
"Conventional","25050-82"
"Conventional","15301-24"
"Conventional","10507-166"
"Conventional","19557-3"
"Conventional","21359-17"
"Conventional","19118-47"
"Conventional","13059-33"
"Conventional","4960-72"
"Conventional","8992-1"
"Conventional","17456-53"
"Conventional","8983-7"
"Conventional","5699-19"
"Conventional","5719-66"
"Conventional","18342-2"
"Conventional","8948-13"
"Conventional","5134-52"
"Conventional","11481-25"
"Conventional","7152-5"
"Conventional","21764-99"
"Conventional","11193-27"
"Conventional","13978-122"
"Conventional","25941-4"
"Conventional","8008-28"
"Conventional","11158-40"
"Conventional","11430-49"
"Conventional","2973-15"
"Conventional","21435-143"
"Conventional","17419-17"
"Conventional","15365-41"
"Conventional","15452-5"
"Conventional","6993-8"
"Conventional","10889-2"
"Conventional","15580-2"
"Conventional","7195-119"
"Conventional","23280-9"
"Conventional","14056-4"
"Conventional","13387-55"
"Conventional","13457-33"
"Conventional","9579-59"
"Conventional","9190-7"
"Conventional","14587-16"
"Conventional","2765-4"
"Conventional","14291-53"
"Conventional","23246-67"
"Conventional","17706-4"
"Conventional","8976-13"
"Conventional","21457-141"
"Conventional","11383-41"
"Conventional","12466-7"
"Conventional","20137-49"
"Conventional","2806-49"
"Conventional","25070-18"
"Conventional","3646-7"
"Conventional","16079-2"
"Conventional","9932-49"
"Conventional","19161-1"
"Conventional","3616-3"
"Conventional","8314-71"
"Conventional","7768-10"
"Conventional","9416-77"
"Conventional","4245-80"
"Conventional","13228-75"
"Conventional","7020-13"
"Conventional","25053-1"
"Conventional","25115-21"
"Conventional","3484-60"
"Conventional","9901-28"
"Conventional","20173-39"
"Conventional","19238-12"
"Conventional","10945-11"
"Conventional","11666-72"
"Conventional","10527-22"
"Conventional","19496-1"
"Conventional","22525-9"
"Conventional","9523-34"
"Conventional","10560-1"
"Conventional","3217-74"
"Conventional","19154-41"
"Conventional","11438-6"
"Conventional","9745-20"
"Conventional","17757-86"
"Conventional","7887-57"
"Conventional","2977-7"
"Conventional","7201-5"
"Conventional","3399-31"
"Conventional","7221-56"
"Conventional","4564-2"
"Conventional","12511-83"
"Conventional","24977-18"
"Conventional","6280-11"
"Conventional","5345-51"
"Conventional","9928-125"
"Conventional","5621-64"
"Conventional","14021-81"
"Conventional","22528-1"
"Conventional","8086-49"
"Conventional","23584-2"
"Conventional","9749-190"
"Conventional","17231-1"
"Conventional","6626-81"
"Conventional","8289-8"
"Conventional","8240-207"
"Conventional","5080-131"
"Conventional","8606-39"
"Conventional","9059-14"
"Conventional","2870-29"
"Conventional","4673-13"
"Conventional","21946-79"
"Conventional","2573-20"
"Conventional","22834-21"
"Conventional","23659-2"
"Conventional","12895-28"
"Conventional","21290-66"
"Conventional","4978-54"
"Conventional","12347-29"
"Conventional","14107-1"
"Conventional","12534-10"
"Conventional","12448-246"
"Conventional","5196-7"
"Conventional","13460-4"
"Conventional","9257-14"
"Conventional","10978-39"
"Conventional","6229-13"
"Conventional","13103-125"
"Conventional","20991-2"
"Conventional","18315-38"
"Conventional","12373-73"
"Conventional","23425-19"
"Conventional","14013-11"
"Conventional","11338-49"
"Conventional","14670-1"
"Conventional","13723-6"
"Conventional","2773-50"
"Conventional","24440-11"
"Conventional","9117-4"
"Conventional","5353-89"
"Conventional","18375-28"
"Conventional","14149-9"
"Conventional","17356-34"
"Conventional","3294-55"
"Conventional","24658-98"
"Conventional","9574-11"
"Conventional","5465-32"
"Conventional","11190-129"
"Conventional","24917-95"
"Conventional","8813-160"
"Conventional","17850-42"
"Conventional","21726-73"
"Conventional","12595-11"
"Conventional","3647-49"
"Conventional","11101-18"
"Conventional","18185-118"
"Conventional","21649-12"
"Conventional","22557-68"
"Conventional","13948-50"
"Conventional","9930-48"
"Conventional","22540-129"
"Conventional","13599-15"
"Conventional","24441-7"
"Conventional","4194-26"
"Conventional","20977-2"
"Conventional","3364-76"
"Conventional","16892-23"
"Conventional","23679-43"
"Conventional","13393-46"
"Conventional","10362-35"
"Conventional","2737-22"
"Conventional","18216-22"
"Conventional","3814-63"
"Conventional","17736-105"
"Conventional","2516-57"
"Conventional","11194-6"
"Conventional","15404-3"
"Conventional","7009-6"
"Conventional","7009-8"
"Conventional","12742-160"
"Conventional","18295-102"
"Conventional","22057-9"
"Conventional","5612-16"
"Conventional","7815-49"
"Conventional","17327-3"
"Conventional","24259-24"
"Conventional","9884-8"
"Conventional","5359-65"
"Conventional","19254-125"
"Conventional","24431-32"
"Conventional","9857-38"
"Conventional","19564-61"
"Conventional","17813-21"
"Conventional","22549-73"
"Conventional","16536-3"
"Conventional","9786-310"
"Conventional","11218-84"
"Conventional","5749-53"
"Conventional","15494-11"
"Conventional","3835-11"
"Conventional","12643-4"
"Conventional","3073-51"
"Conventional","7792-58"
"Conventional","24309-14"
"Conventional","21134-9"
"Conventional","7551-33"
"Conventional","5722-78"
"Conventional","23658-1"
"Conventional","5745-64"
"Conventional","9370-69"
"Conventional","11669-39"
"Conventional","17806-6"
"Conventional","2789-26"
"Conventional","8475-15"
"Conventional","6374-7"
"Conventional","15419-15"
"Conventional","23213-21"
"Conventional","8760-10"
"Conventional","25451-39"
"Conventional","22089-13"
"Conventional","18373-13"
"Conventional","25412-53"
"Conventional","25209-15"
"Conventional","4925-54"
"Conventional","25895-29"
"Conventional","22041-26"
"Conventional","8320-5"
"Conventional","3474-19"
"Conventional","21107-5"
"Conventional","5228-25"
"Conventional","20181-17"
"Conventional","21698-11"
"Conventional","7741-111"
"Conventional","9290-8"
"Conventional","13473-55"
"Conventional","3827-22"
"Conventional","8405-108"
"Conventional","8654-13"
"Conventional","20530-2"
"Conventional","7249-307"
"Conventional","21118-48"
"Conventional","12634-79"
"Conventional","5262-57"
"Conventional","12682-5"
"Conventional","20979-86"
"Conventional","12748-6"
"Conventional","20921-1"
"Conventional","8950-4"
"Conventional","6533-20"
"Conventional","23673-9"
"Conventional","21369-15"
"Conventional","6257-56"
"Conventional","21856-59"
"Conventional","22009-1"
"Conventional","21378-7"
"Conventional","14634-13"
"Conventional","22788-10"
"Conventional","19223-6"
"Conventional","9000-177"
"Conventional","22816-4"
"Conventional","12401-3"
"Conventional","6625-31"
"Conventional","7943-16"
"Conventional","12571-14"
"Conventional","7999-23"
"Conventional","3182-38"
"Conventional","7831-39"
"Conventional","15633-6"
"Conventional","14203-3"
"Conventional","18244-1"
"Conventional","10647-18"
"Conventional","9380-2"
"Conventional","6296-36"
"Conventional","23666-35"
"Conventional","13977-28"
"Conventional","14583-49"
"Conventional","12077-32"
"Conventional","13526-5"
"Conventional","13625-19"
"Conventional","13933-276"
"Conventional","21581-87"
"Conventional","25126-19"
"Conventional","18338-26"
"Conventional","12659-13"
"Conventional","20187-10"
"Conventional","20215-45"
"Conventional","12626-6"
"Conventional","13450-49"
"Conventional","12861-13"
"Conventional","7808-5"
"Conventional","5717-2"
"Conventional","7881-244"
"Conventional","13996-16"
"Conventional","7019-13"
"Conventional","23366-15"
"Conventional","25263-4"
"Conventional","12934-1"
"Conventional","8780-2"
"Conventional","9018-38"
"Conventional","20445-29"
"Conventional","18348-89"
"Conventional","3065-65"
"Conventional","7124-18"
"Conventional","3025-50"
"Conventional","10550-37"
"Conventional","14106-46"
"Conventional","5256-86"
"Conventional","16805-5"
"Conventional","3173-49"
"Conventional","11593-21"
"Conventional","9188-119"
"Conventional","9831-12"
"Conventional","12620-3"
"Conventional","5100-53"
"Conventional","13639-101"
"Conventional","21786-25"
"Conventional","17163-117"
"Conventional","18307-71"
"Conventional","15558-63"
"Conventional","17739-1"
"Conventional","11949-25"
"Conventional","5509-7"
"Conventional","14007-22"
"Conventional","4903-72"
"Conventional","12827-37"
"Conventional","23330-12"
"Conventional","10432-3"
"Conventional","20393-10"
"Conventional","9333-59"
"Conventional","12661-44"
"Conventional","21330-13"
"Conventional","8328-9"
"Conventional","9348-1"
"Conventional","6291-55"
"Conventional","17711-13"
"Conventional","6364-7"
"Conventional","5412-53"
"Conventional","19241-31"
"Conventional","5915-58"
"Conventional","9599-6"
"Conventional","14114-18"
"Conventional","6914-15"
"Conventional","14134-49"
"Conventional","15569-15"
"Conventional","18875-125"
"Conventional","3322-52"
"Conventional","9265-10"
"Conventional","7122-31"
"Conventional","16296-43"
"Conventional","12341-8"
"Conventional","13114-50"
"Conventional","10758-2"
"Conventional","5494-52"
"Conventional","8890-9"
"Conventional","17777-31"
"Conventional","17783-9"
"Conventional","12513-8"
"Conventional","12536-46"
"Conventional","18324-61"
"Conventional","12781-2"
"Conventional","12881-17"
"Conventional","4389-2"
"Conventional","16318-12"
"Conventional","2969-11"
"Conventional","5617-41"
"Conventional","6107-3"
"Conventional","13494-6"
"Conventional","11205-10"
"Conventional","8303-102"
"Conventional","22483-109"
"Conventional","4984-83"
"Conventional","5024-67"
"Conventional","19287-59"
"Conventional","23564-83"
"Conventional","24446-65"
"Conventional","21836-9"
"Conventional","12557-18"
"Conventional","19372-7"
"Conventional","24680-51"
"Conventional","12702-13"
"Conventional","24651-1"
"Conventional","21345-93"
"Conventional","11283-13"
"Conventional","18943-4"
"Conventional","21311-22"
"Conventional","10738-11"
"Conventional","15585-304"
"Conventional","6583-67"
"Conventional","13119-26"
"Conventional","9870-17"
"Conventional","5606-24"
"Conventional","15447-45"
"Conventional","18274-2"
"Conventional","9045-3"
"Conventional","14031-18"
"Conventional","4487-1"
"Conventional","22793-110"
"Conventional","17510-7"
"Conventional","13073-14"
"Conventional","21717-44"
"Conventional","19168-71"
"Conventional","17435-43"
"Conventional","3413-50"
"Conventional","12712-9"
"Conventional","14045-12"
"Conventional","21802-53"
"Conventional","9744-139"
"Conventional","21172-11"
"Conventional","5033-27"
"Conventional","4232-19"
"Conventional","24278-4"
"Conventional","25270-3"
"Conventional","12437-18"
"Conventional","12936-38"
"Conventional","2658-27"
"Conventional","4455-89"
"Conventional","11712-207"
"Conventional","13082-9"
"Conventional","7920-30"
"Conventional","25901-3"
"Conventional","23029-3"
"Conventional","18318-98"
"Conventional","17794-6"
"Conventional","8785-1"
"Conventional","9945-8"
"Conventional","25051-104"
"Conventional","13645-14"
"Conventional","15316-262"
"Conventional","18876-77"
"Conventional","24413-96"
"Conventional","10956-82"
"Conventional","9604-14"
"Conventional","7763-25"
"Conventional","16305-10"
"Conventional","11608-5"
"Conventional","7240-2"
"Conventional","22065-32"
"Conventional","22508-2"
"Conventional","4460-8"
"Conventional","21724-22"
"Conventional","19150-20"
"Conventional","23318-60"
"Conventional","13652-2"
"Conventional","25103-45"
"Conventional","22784-4"
"Conventional","8076-4"
"Conventional","13711-10"
"Conventional","16887-29"
"Conventional","12581-39"
"Conventional","13515-8"
"Conventional","7090-17"
"Conventional","4594-22"
"Conventional","8450-36"
"Conventional","8285-64"
"Conventional","8446-4"
"Conventional","25266-14"
"Conventional","13430-50"
"Conventional","12524-18"
"Conventional","5452-71"
"Conventional","6123-69"
"Conventional","6168-11"
"Conventional","6454-38"
"Conventional","9049-2"
"Conventional","4997-19"
"Conventional","11289-31"
"Conventional","24321-67"
"Conventional","13093-6"
"Conventional","21382-70"
"Conventional","14294-61"
"Conventional","12022-12"
"Conventional","5424-55"
"Conventional","21887-2"
"Conventional","19135-5"
"Conventional","2616-23"
"Conventional","11281-6"
"Conventional","17204-17"
"Conventional","2950-57"
"Conventional","21651-9"
"Conventional","10043-31"
"Conventional","5275-28"
"Conventional","22369-12"
"Conventional","23561-4"
"Conventional","17495-141"
"Conventional","11150-3"
"Conventional","16828-8"
"Conventional","6055-53"
"Conventional","9183-7"
"Conventional","2794-60"
"Conventional","16753-46"
"Conventional","19142-39"
"Conventional","3171-57"
"Conventional","15627-83"
"Conventional","2867-52"
"Conventional","3035-80"
"Conventional","22417-10"
"Conventional","10530-8"
"Conventional","4153-11"
"Conventional","8468-19"
"Conventional","21232-39"
"Conventional","4330-4"
"Conventional","13699-6"
"Conventional","7257-18"
"Conventional","23525-27"
"Conventional","6478-2"
"Conventional","16858-384"
"Conventional","23017-17"
"Conventional","3627-71"
"Conventional","7140-1"
"Conventional","4834-61"
"Conventional","22037-47"
"Conventional","8645-257"
"Conventional","8300-82"
"Conventional","4187-49"
"Conventional","13966-30"
"Conventional","17490-4"
"Conventional","21286-29"
"Conventional","3620-67"
"Conventional","9603-9"
"Conventional","23618-23"
"Conventional","13698-28"
"Conventional","8062-15"
"Conventional","5462-62"
"Conventional","14077-6"
"Conventional","12892-10"
"Conventional","15626-223"
"Conventional","8768-4"
"Conventional","6264-9"
"Conventional","11192-168"
"Conventional","24688-9"
"Conventional","23284-5"
"Conventional","9715-15"
"Conventional","13042-7"
"Conventional","18925-24"
"Conventional","6896-3"
"Conventional","14703-6"
"Conventional","2247-20"
"Conventional","13392-13"
"Conventional","23387-18"
"Conventional","23521-29"
"Conventional","9357-4"
"Conventional","12515-45"
"Conventional","14078-69"
"Conventional","4143-74"
"Conventional","15617-8"
"Conventional","11715-1"
"Conventional","4979-34"
"Conventional","5734-13"
"Conventional","3405-6"
"Conventional","3309-2"
"Conventional","16850-5"
"Conventional","19243-2"
"Conventional","12681-63"
"Conventional","5658-64"
"Conventional","6103-70"
"Conventional","11263-57"
"Conventional","11696-7"
"Conventional","8953-47"
"Conventional","16758-96"
"Conventional","3342-76"
"Conventional","5261-13"
"Conventional","21255-2"
"Conventional","9039-47"
"Conventional","10606-34"
"Conventional","12428-2"
"Conventional","11827-7"
"Conventional","13449-25"
"Conventional","3366-51"
"Conventional","24945-16"
"Conventional","9819-110"
"Conventional","10396-6"
"Conventional","9443-137"
"Conventional","24958-3"
"Conventional","13588-11"
"Conventional","25076-2"
"Conventional","17734-13"
"Conventional","7202-107"
"Conventional","14597-5"
"Conventional","21951-32"
"Conventional","5744-12"
"Conventional","23542-8"
"Conventional","4359-87"
"Conventional","21662-121"
"Conventional","12636-113"
"Conventional","21183-1"
"Conventional","17738-7"
"Conventional","9956-7"
"Conventional","15455-40"
"Conventional","9038-12"
"Conventional","19282-3"
"Conventional","24217-2"
"Conventional","25216-8"
"Conventional","17145-1"
"Conventional","9890-8"
"Conventional","12372-50"
"Conventional","9606-4"
"Conventional","6975-52"
"Conventional","7916-10"
"Conventional","21206-218"
"Conventional","11308-8"
"Conventional","5759-10"
"Conventional","14153-8"
"Conventional","6937-251"
"Conventional","12665-16"
"Conventional","11934-9"
"Conventional","11203-97"
"Conventional","15607-56"
"Conventional","5764-4"
"Conventional","25436-44"
"Conventional","3858-5"
"Conventional","25279-44"
"Conventional","22143-6"
"Conventional","19239-5"
"Conventional","15503-20"
"Conventional","15503-15"
"Conventional","17325-10"
"Conventional","12706-2"
"Conventional","8893-29"
"Conventional","10534-40"
"Conventional","18328-36"
"Conventional","3396-54"
"Conventional","21379-30"
"Conventional","14688-6"
"Conventional","9577-26"
"Conventional","23281-29"
"Conventional","16756-30"
"Conventional","22967-15"
"Conventional","5650-9"
"Conventional","18166-4"
"Conventional","22824-53"
"Conventional","23657-102"
"Conventional","21156-5"
"Conventional","2846-24"
"Conventional","4474-19"
"Conventional","15476-6"
"Conventional","9352-86"
"Conventional","19276-124"
"Conventional","21178-8"
"Conventional","12417-46"
"Conventional","13729-26"
"Conventional","21737-20"
"Conventional","15670-15"
"Conventional","6423-66"
"Conventional","21891-31"
"Conventional","22832-9"
"Conventional","9243-10"
"Conventional","9997-12"
"Conventional","9970-7"
"Conventional","9511-61"
"Conventional","18402-1"
"Conventional","10908-2"
"Conventional","24923-27"
"Conventional","25491-54"
"Conventional","21329-66"
"Conventional","19180-38"
"Conventional","8851-42"
"Conventional","8061-102"
"Conventional","8786-6"
"Conventional","2682-68"
"Conventional","6941-11"
"Conventional","24654-13"
"Conventional","12384-92"
"Conventional","23556-4"
"Conventional","17205-21"
"Conventional","21166-1"
"Conventional","8975-26"
"Conventional","24271-9"
"Conventional","3298-52"
"Conventional","24981-8"
"Conventional","6359-50"
"Conventional","22770-22"
"Conventional","20929-4"
"Conventional","25125-7"
"Conventional","3376-49"
"Conventional","21121-31"
"Conventional","21939-6"
"Conventional","13503-19"
"Conventional","18831-6"
"Conventional","9368-64"
"Conventional","25280-2"
"Conventional","4807-13"
"Conventional","17370-186"
"Conventional","17775-8"
"Conventional","9518-95"
"Conventional","23312-16"
"Conventional","18395-5"
"Conventional","10700-10"
"Conventional","9279-7"
"Conventional","18156-7"
"Conventional","4328-2"
"Conventional","10583-1"
"Conventional","25105-87"
"Conventional","25105-70"
"Conventional","12878-60"
"Conventional","21240-6"
"Conventional","9223-11"
"Conventional","18930-28"
"Conventional","3581-53"
"Conventional","10966-1"
"Conventional","3806-55"
"Conventional","15589-1"
"Conventional","8458-16"
"Conventional","8458-111"
"Conventional","3419-49"
"Conventional","8094-20"
"Conventional","7624-19"
"Conventional","21113-3"
"Conventional","25258-41"
"Conventional","15385-116"
"Conventional","15574-37"
"Conventional","7751-121"
"Conventional","5484-63"
"Conventional","13658-31"
"Conventional","3828-54"
"Conventional","21119-1"
"Conventional","22514-12"
"Conventional","22777-46"
"Conventional","10892-8"
"Conventional","13712-104"
"Conventional","3440-7"
"Conventional","8863-3"
"Conventional","3196-6"
"Conventional","6039-24"
"Conventional","5481-16"
"Conventional","5620-13"
"Conventional","8929-7"
"Conventional","9594-30"
"Conventional","7809-22"
"Conventional","3010-53"
"Conventional","12563-2"
"Conventional","23257-14"
"Conventional","11168-3"
"Conventional","24937-7"
"Conventional","5730-60"
"Conventional","5970-61"
"Conventional","16763-11"
"Conventional","14216-35"
"Conventional","5834-18"
"Conventional","15449-33"
"Conventional","10974-20"
"Conventional","5599-88"
"Conventional","21282-21"
"Conventional","19266-35"
"Conventional","20939-113"
"Conventional","15321-8"
"Conventional","11164-7"
"Conventional","13941-82"
"Conventional","9118-7"
"Conventional","6904-14"
"Conventional","2505-49"
"Conventional","25039-10"
"Conventional","19492-5"
"Conventional","5015-15"
"Conventional","5404-53"
"Conventional","9259-35"
"Conventional","25465-42"
"Conventional","24499-36"
"Conventional","24318-13"
"Conventional","16773-29"
"Conventional","9983-97"
"Conventional","8427-118"
"Conventional","13094-75"
"Conventional","14331-262"
"Conventional","24968-10"
"Conventional","23359-25"
"Conventional","3522-57"
"Conventional","19567-1"
"Conventional","2677-1"
"Conventional","2571-12"
"Conventional","18300-39"
"Conventional","2771-35"
"Conventional","13741-36"
"Conventional","15534-26"
"Conventional","12649-80"
"Conventional","24681-2"
"Conventional","3431-54"
"Conventional","5357-60"
"Conventional","24962-7"
"Conventional","16754-40"
"Conventional","5009-11"
"Conventional","2859-69"
"Conventional","7747-47"
"Conventional","10003-15"
"Conventional","24910-18"
"Conventional","23271-20"
"Conventional","21733-11"
"Conventional","24475-45"
"Conventional","21985-61"
"Conventional","2634-2"
"Conventional","9767-22"
"Conventional","11381-56"
"Conventional","6289-78"
"Conventional","4842-62"
"Conventional","7740-33"
"Conventional","20075-130"
"Conventional","8038-41"
"Conventional","13078-3"
"Conventional","18264-12"
"Conventional","20547-5"
"Conventional","5627-53"
"Conventional","24645-2"
"Conventional","14246-50"
"Conventional","19578-19"
"Conventional","10085-25"
"Conventional","20439-14"
"Conventional","11324-3"
"Conventional","19174-141"
"Conventional","24669-12"
"Conventional","5614-44"
"Conventional","19637-9"
"Conventional","23683-79"
"Conventional","15422-12"
"Conventional","22381-1"
"Conventional","10049-112"
"Conventional","13979-3"
"Conventional","20165-4"
"Conventional","7744-10"
"Conventional","15506-34"
"Conventional","19802-22"
"Conventional","19323-1"
"Conventional","8409-3"
"Conventional","4566-24"
"Conventional","19134-66"
"Conventional","20376-64"
"Conventional","18938-3"
"Conventional","6230-56"
"Conventional","6210-100"
"Conventional","9874-28"
"Conventional","6421-52"
"Conventional","4866-59"
"Conventional","20931-156"
"Conventional","23622-128"
"Conventional","8261-51"
"Conventional","16607-78"
"Conventional","4775-34"
"Conventional","12355-223"
"Conventional","15523-9"
"Conventional","19170-25"
"Conventional","8009-121"
"Conventional","18458-4"
"Conventional","12454-105"
"Conventional","18222-34"
"Conventional","2836-68"
"Conventional","24411-144"
"Conventional","12963-1"
"Conventional","17832-12"
"Conventional","11370-20"
"Conventional","25235-2"
"Conventional","5107-7"
"Conventional","16877-19"
"Conventional","5610-32"
"Conventional","6930-95"
"Conventional","21367-63"
"Conventional","12423-38"
"Conventional","8372-29"
"Conventional","7860-9"
"Conventional","25902-27"
"Conventional","15361-37"
"Conventional","10398-110"
"Conventional","13547-5"
"Conventional","17511-10"
"Conventional","20067-26"
"Conventional","8006-12"
"Conventional","20117-5"
"Conventional","4184-43"
"Conventional","11436-6"
"Conventional","12436-84"
"Conventional","4420-7"
"Conventional","11634-32"
"Conventional","14115-34"
"Conventional","7922-5"
"Conventional","23394-125"
"Conventional","9369-174"
"Conventional","15516-12"
"Conventional","7932-23"
"Conventional","23410-46"
"Conventional","19506-6"
"Conventional","4479-14"
"Conventional","13710-6"
"Conventional","5032-64"
"Conventional","8250-2"
"Conventional","23767-1"
"Conventional","22367-17"
"Conventional","11664-32"
"Conventional","8686-342"
"Conventional","11365-17"
"Conventional","10800-15"
"Conventional","5026-66"
"Conventional","20161-41"
"Conventional","4498-62"
"Conventional","17320-19"
"Conventional","21497-32"
"Conventional","23644-19"
"Conventional","7106-37"
"Conventional","6897-38"
"Conventional","2853-68"
"Conventional","7841-84"
"Conventional","2981-9"
"Conventional","20536-11"
"Conventional","4557-61"
"Conventional","9372-157"
"Conventional","8353-15"
"Conventional","9014-18"
"Conventional","15640-54"
"Conventional","9756-6"
"Conventional","12838-28"
"Conventional","2823-7"
"Conventional","7105-7"
"Conventional","6395-58"
"Conventional","21348-22"
"Conventional","12599-10"
"Conventional","22534-14"
"Conventional","5864-10"
"Conventional","24921-73"
"Conventional","19516-10"
"Conventional","2788-55"
"Conventional","3299-29"
"Conventional","7756-37"
"Conventional","5098-79"
"Conventional","21853-3"
"Conventional","22503-24"
"Conventional","12732-13"
"Conventional","21909-10"
"Conventional","21905-10"
"Conventional","21909-2"
"Conventional","3503-4"
"Conventional","2889-37"
"Conventional","13732-79"
"Conventional","3312-64"
"Conventional","19511-8"
"Conventional","9839-148"
"Conventional","12830-4"
"Conventional","20578-10"
"Conventional","23178-95"
"Conventional","9327-3"
"Conventional","17202-37"
"Conventional","3132-1"
"Conventional","5721-1"
"Conventional","5062-60"
"Conventional","7870-8"
"Conventional","5456-59"
"Conventional","19620-16"
"Conventional","13982-33"
"Conventional","13441-30"
"Conventional","20185-44"
"Conventional","20381-21"
"Conventional","5661-15"
"Conventional","12014-19"
"Conventional","12697-30"
"Conventional","7246-4"
"Conventional","22055-31"
"Conventional","6502-50"
"Conventional","15492-1"
"Conventional","8699-43"
"Conventional","24655-23"
"Conventional","6172-7"
"Conventional","6647-55"
"Conventional","6377-54"
"Conventional","22808-59"
"Conventional","18271-43"
"Conventional","6536-54"
"Conventional","21247-16"
"Conventional","8229-1"
"Conventional","12871-10"
"Conventional","19263-147"
"Conventional","22802-13"
"Conventional","22431-164"
"Conventional","8039-41"
"Conventional","12703-6"
"Conventional","4220-39"
"Conventional","11406-82"
"Conventional","12424-107"
"Conventional","24724-4"
"Conventional","7952-2"
"Conventional","11257-1"
"Conventional","25081-6"
"Conventional","21373-8"
"Conventional","12931-16"
"Conventional","21271-53"
"Conventional","20247-17"
"Conventional","21440-9"
"Conventional","9326-33"
"Conventional","13476-16"
"Conventional","13518-5"
"Conventional","8959-61"
"Conventional","8882-1"
"Conventional","21971-47"
"Conventional","25118-45"
"Conventional","9880-33"
"Conventional","10447-18"
"Conventional","2890-59"
"Conventional","3314-74"
"Conventional","20993-13"
"Conventional","19131-184"
"Conventional","10078-5"
"Conventional","13416-8"
"Conventional","13958-5"
"Conventional","25286-33"
"Conventional","21768-9"
"Conventional","21813-171"
"Conventional","21614-2"
"Conventional","12758-47"
"Conventional","12433-8"
"Conventional","24471-2"
"Conventional","21306-7"
"Conventional","22782-80"
"Conventional","5954-62"
"Conventional","19640-2"
"Conventional","11487-4"
"Conventional","5490-53"
"Conventional","23518-7"
"Conventional","22796-17"
"Conventional","19229-92"
"Conventional","9886-28"
"Conventional","23407-9"
"Conventional","17821-20"
"Conventional","21755-27"
"Conventional","12399-194"
"Conventional","18904-23"
"Conventional","17384-110"
"Conventional","10760-107"
"Conventional","13707-27"
"Conventional","4467-49"
"Conventional","3209-69"
"Conventional","24408-30"
"Conventional","13688-2"
"Conventional","22505-24"
"Conventional","12420-10"
"Conventional","9937-7"
"Conventional","12431-13"
"Conventional","21220-11"
"Conventional","21660-4"
"Conventional","25277-51"
"Conventional","22948-13"
"Conventional","16748-1"
"Conventional","10852-114"
"Conventional","20425-12"
"Conventional","17786-5"
"Conventional","19586-89"
"Conventional","23611-16"
"Conventional","6923-1"
"Conventional","11654-77"
"Conventional","15375-49"
"Conventional","6356-3"
"Conventional","18257-64"
"Conventional","12808-103"
"Conventional","9573-108"
"Conventional","21963-48"
"Conventional","17451-13"
"Conventional","3026-5"
"Conventional","17410-5"
"Conventional","3736-60"
"Conventional","8459-10"
"Conventional","19787-14"
"Conventional","20572-6"
"Conventional","13485-20"
"Conventional","6361-49"
"Conventional","10916-44"
"Conventional","22547-17"
"Conventional","9735-44"
"Conventional","11243-90"
"Conventional","19176-27"
"Conventional","13988-67"
"Conventional","3888-8"
"Conventional","10557-6"
"Conventional","5992-50"
"Conventional","15462-28"
"Conventional","21692-12"
"Conventional","12333-87"
"Conventional","9296-15"
"Conventional","24322-1"
"Conventional","24706-73"
"Conventional","21164-83"
"Conventional","6547-83"
"Conventional","25100-11"
"Conventional","23291-18"
"Conventional","19572-10"
"Conventional","23263-9"
"Conventional","19392-6"
"Conventional","21736-60"
"Conventional","21366-7"
"Conventional","8268-98"
"Conventional","24428-76"
"Conventional","12820-1"
"Conventional","13613-23"
"Conventional","20463-315"
"Conventional","23627-3"
"Conventional","11646-4"
"Conventional","20564-53"
"Conventional","21162-30"
"Conventional","9089-77"
"Conventional","21916-82"
"Conventional","12558-3"
"Conventional","16297-14"
"Conventional","9232-1"
"Conventional","5117-14"
"Conventional","18303-39"
"Conventional","8556-5"
"Conventional","19388-2"
"Conventional","8329-166"
"Conventional","2811-27"
"Conventional","2644-11"
"Conventional","23292-1"
"Conventional","5019-16"
"Conventional","21476-43"
"Conventional","25117-17"
"Conventional","13236-25"
"Conventional","9757-29"
"Conventional","13540-1"
"Conventional","22527-4"
"Conventional","11204-80"
"Conventional","23212-8"
"Conventional","3189-61"
"Conventional","6507-16"
"Conventional","2997-8"
"Conventional","7788-1"
"Conventional","3174-2"
"Conventional","3168-8"
"Conventional","4889-82"
"Conventional","21370-45"
"Conventional","6599-5"
"Conventional","14271-23"
"Conventional","17680-12"
"Conventional","23367-8"
"Conventional","11372-2"
"Conventional","13666-222"
"Conventional","3289-19"
"Conventional","14618-26"
"Conventional","6546-41"
"Conventional","15678-71"
"Conventional","9044-1"
"Conventional","25282-6"
"Conventional","23663-28"
"Conventional","9102-28"
"Conventional","13432-9"
"Conventional","17515-6"
"Conventional","21196-29"
"Conventional","9215-117"
"Conventional","25086-83"
"Conventional","17764-108"
"Conventional","16919-1"
"Conventional","23248-1"
"Conventional","21957-12"
"Conventional","11352-42"
"Conventional","17678-28"
"Conventional","7146-16"
"Conventional","7146-5"
"Conventional","20525-200"
"Conventional","24307-22"
"Conventional","12856-14"
"Conventional","20576-71"
"Conventional","12764-3"
"Conventional","6079-59"
"Conventional","10589-7"
"Conventional","20526-3"
"Conventional","19193-18"
"Conventional","12403-30"
"Conventional","22954-10"
"Conventional","17837-5"
"Conventional","6912-6"
"Conventional","18326-50"
"Conventional","23638-3"
"Conventional","23567-37"
"Conventional","2848-2"
"Conventional","16070-7"
"Conventional","5268-49"
"Conventional","9719-145"
"Conventional","19207-119"
"Conventional","19227-18"
"Conventional","9836-20"
"Conventional","8845-2"
"Conventional","10970-3"
"Conventional","7970-315"
"Conventional","3487-32"
"Conventional","13701-2"
"Conventional","11096-57"
"Conventional","12451-62"
"Conventional","14035-13"
"Conventional","22103-25"
"Conventional","15637-38"
"Conventional","23034-13"
"Conventional","2761-49"
"Conventional","24967-4"
"Conventional","12957-62"
"Conventional","12478-15"
"Conventional","25256-23"
"Conventional","25256-153"
"Conventional","25906-5"
"Conventional","13131-5"
"Conventional","22529-31"
"Conventional","3290-50"
"Conventional","7200-4"
"Conventional","15692-300"
"Conventional","9015-1"
"Conventional","19190-4"
"Conventional","21875-31"
"Conventional","7194-36"
"Conventional","16307-22"
"Conventional","8624-16"
"Conventional","5140-56"
"Conventional","20069-23"
"Conventional","9522-3"
"Conventional","5006-71"
"Conventional","12844-10"
"Conventional","24649-11"
"Conventional","13043-157"
"Conventional","22517-106"
"Conventional","10535-25"
"Conventional","23631-1"
"Conventional","13491-40"
"Conventional","22984-10"
"Conventional","18824-7"
"Conventional","11671-19"
"Conventional","5957-30"
"Conventional","8447-11"
"Conventional","6518-85"
"Conventional","23581-131"
"Conventional","14689-3"
"Conventional","22136-9"
"Conventional","23524-2"
"Conventional","24892-8"
"Conventional","24256-7"
"Conventional","6462-12"
"Conventional","9178-30"
"Conventional","15446-25"
"Conventional","20915-68"
"Conventional","3323-37"
"Conventional","12894-3"
"Conventional","5002-76"
"Conventional","22590-68"
"Conventional","22154-37"
"Conventional","5752-63"
"Conventional","21308-44"
"Conventional","5460-60"
"Conventional","6281-51"
"Conventional","2475-1"
"Conventional","8885-6"
"Conventional","18208-3"
"Conventional","12825-18"
"Conventional","9889-42"
"Conventional","21280-13"
"Conventional","25301-48"
"Conventional","12350-86"
"Conventional","17460-51"
"Conventional","11198-37"
"Conventional","15669-7"
"Conventional","3280-49"
"Conventional","12729-12"
"Conventional","12683-156"
"Conventional","11545-9"
"Conventional","10472-53"
"Conventional","5352-11"
"Conventional","24677-106"
"Conventional","18183-3"
"Conventional","18914-188"
"Conventional","21767-129"
"Conventional","5014-49"
"Conventional","17509-6"
"Conventional","11264-33"
"Conventional","18297-8"
"Conventional","16594-44"
"Conventional","18882-7"
"Conventional","5457-5"
"Conventional","9787-23"
"Conventional","13743-56"
"Conventional","23266-62"
"Conventional","25242-12"
"Conventional","8060-7"
"Conventional","10425-3"
"Conventional","8749-194"
"Conventional","10814-7"
"Conventional","20541-73"
"Conventional","9276-7"
"Conventional","17766-5"
"Conventional","23319-6"
"Conventional","22141-59"
"Conventional","9319-59"
"Conventional","11636-33"
"Conventional","9201-13"
"Conventional","22128-8"
"Conventional","8994-65"
"Conventional","17326-44"
"Conventional","2944-66"
"Conventional","13561-5"
"Conventional","20511-3"
"Conventional","21138-2"
"Conventional","14024-196"
"Conventional","2826-53"
"Conventional","3494-71"
"Conventional","18336-31"
"Conventional","6921-24"
"Conventional","23650-2"
"Conventional","2809-25"
"Conventional","7127-3"
"Conventional","10615-18"
"Conventional","7147-35"
"Conventional","4706-17"
"Conventional","24676-105"
"Conventional","22554-101"
"Conventional","8818-13"
"Conventional","9180-6"
"Conventional","9305-89"
"Conventional","12880-1"
"Conventional","6407-63"
"Conventional","4930-21"
"Conventional","15529-33"
"Conventional","2753-2"
"Conventional","14100-63"
"Conventional","13465-5"
"Conventional","21110-5"
"Conventional","21834-8"
"Conventional","23356-32"
"Conventional","16292-288"
"Conventional","5755-29"
"Conventional","12381-26"
"Conventional","14091-42"
"Conventional","11678-105"
"Conventional","8989-40"
"Conventional","6221-1"
"Conventional","21237-24"
"Conventional","18255-6"
"Conventional","13568-30"
"Conventional","23685-132"
"Conventional","18340-2"
"Conventional","11325-8"
"Conventional","13130-150"
"Conventional","3285-23"
"Conventional","23298-148"
"Conventional","10561-5"
"Conventional","18177-49"
"Conventional","4551-72"
"Conventional","10714-7"
"Conventional","10830-5"
"Conventional","9514-46"
"Conventional","8099-42"
"Conventional","11217-16"
"Conventional","20444-12"
"Conventional","2813-11"
"Conventional","6060-2"
"Conventional","13632-10"
"Conventional","21958-4"
"Conventional","22838-39"
"Conventional","21739-7"
"Conventional","5383-14"
"Conventional","21249-115"
"Conventional","8107-12"
"Conventional","13566-2"
"Conventional","8841-65"
"Conventional","8323-163"
"Conventional","4721-54"
"Conventional","10473-2"
"Conventional","9191-8"
"Conventional","9185-15"
"Conventional","21529-6"
"Conventional","5201-50"
"Conventional","10086-39"
"Conventional","10087-10"
"Conventional","19139-3"
"Conventional","11098-1"
"Conventional","19297-4"
"Conventional","19768-13"
"Conventional","5981-6"
"Conventional","5061-27"
"Conventional","9303-9"
"Conventional","6917-49"
"Conventional","12750-9"
"Conventional","23245-5"
"Conventional","25454-38"
"Conventional","3175-51"
"Conventional","13717-15"
"Conventional","3313-21"
"Conventional","11708-2"
"Conventional","7228-2"
"Conventional","23702-98"
"Conventional","24409-2"
"Conventional","10442-1"
"Conventional","12794-6"
"Conventional","5094-62"
"Conventional","8232-90"
"Conventional","4459-68"
"Conventional","7924-7"
"Conventional","5272-55"
"Conventional","16043-30"
"Conventional","8092-29"
"Conventional","4139-71"
"Conventional","15602-43"
"Conventional","21732-78"
"Conventional","21727-15"
"Conventional","21501-30"
"Conventional","13470-43"
"Conventional","12720-71"
"Conventional","18376-19"
"Conventional","4440-15"
"Conventional","9312-8"
"Conventional","4988-49"
"Conventional","7879-12"
"Conventional","2943-5"
"Conventional","19518-12"
"Conventional","22377-27"
"Conventional","17155-1"
"Conventional","22385-2"
"Conventional","7695-106"
"Conventional","15448-47"
"Conventional","7141-21"
"Conventional","5601-2"
"Conventional","23602-35"
"Conventional","6252-62"
"Conventional","23700-42"
"Conventional","23349-5"
"Conventional","8535-102"
"Conventional","5963-9"
"Conventional","8390-25"
"Conventional","14616-16"
"Conventional","9235-3"
"Conventional","21552-9"
"Conventional","9478-69"
"Conventional","11546-7"
"Conventional","6932-42"
"Conventional","20538-71"
"Conventional","8913-22"
"Conventional","20585-9"
"Conventional","20585-5"
"Conventional","11247-20"
"Conventional","20380-50"
"Conventional","24664-3"
"Conventional","13256-21"
"Conventional","13240-170"
"Conventional","13479-8"
"Conventional","25949-3"
"Conventional","13587-10"
"Conventional","11147-17"
"Conventional","9329-28"
"Conventional","22500-9"
"Conventional","2436-49"
"Conventional","10510-62"
"Conventional","9474-22"
"Conventional","18829-4"
"Conventional","20982-29"
"Conventional","25114-256"
"Conventional","8310-6"
"Conventional","18313-4"
"Conventional","12453-161"
"Conventional","7145-1"
"Conventional","25922-7"
"Conventional","13724-27"
"Conventional","2762-30"
"Conventional","18243-9"
"Conventional","8312-139"
"Conventional","23258-56"
"Conventional","21008-113"
"Conventional","7856-51"
"Conventional","17432-25"
"Conventional","5626-20"
"Conventional","19338-3"
"Conventional","14208-3"
"Conventional","21357-12"
"Conventional","18173-11"
"Conventional","7084-1"
"Conventional","24708-7"
"Conventional","16612-28"
"Conventional","19272-9"
"Conventional","15331-47"
"Conventional","16926-44"
"Conventional","10521-10"
"Conventional","7002-1"
"Conventional","5088-175"
"Conventional","12406-119"
"Conventional","25482-5"
"Conventional","11536-9"
"Conventional","20229-67"
"Conventional","21740-26"
"Conventional","20960-47"
"Conventional","18884-22"
"Conventional","23572-186"
"Conventional","11638-42"
"Conventional","5637-81"
"Conventional","22137-3"
"Conventional","23682-79"
"Conventional","18891-98"
"Conventional","20093-9"
"Conventional","2967-8"
"Conventional","6528-95"
"Conventional","18419-20"
"Conventional","3630-27"
"Conventional","20531-5"
"Conventional","6984-6"
"Conventional","15381-45"
"Conventional","18833-76"
"Conventional","5128-53"
"Conventional","15583-18"
"Conventional","3311-27"
"Conventional","10785-8"
"Conventional","22075-16"
"Conventional","17814-8"
"Conventional","8366-19"
"Conventional","24323-43"
"Conventional","5742-14"
"Conventional","21193-1"
"Conventional","8664-36"
"Conventional","5861-78"
"Conventional","3820-68"
"Conventional","4138-25"
"Conventional","3321-2"
"Conventional","6574-11"
"Conventional","3216-2"
"Conventional","9568-289"
"Conventional","14684-17"
"Conventional","11135-5"
"Conventional","24912-40"
"Conventional","24915-123"
"Conventional","19360-22"
"Conventional","4452-9"
"Conventional","19110-6"
"Conventional","13943-38"
"Conventional","21131-109"
"Conventional","12834-3"
"Conventional","18414-26"
"Conventional","2841-13"
"Conventional","13740-51"
"Conventional","20984-142"
"Conventional","21109-1"
"Conventional","13522-20"
"Conventional","20197-14"
"Conventional","13676-46"
"Conventional","16746-12"
"Conventional","12549-33"
"Conventional","23703-8"
"Conventional","25249-33"
"Conventional","3181-50"
"Conventional","9773-15"
"Conventional","5980-55"
"Conventional","14011-17"
"Conventional","3587-53"
"Conventional","19821-10"
"Conventional","11333-82"
"Conventional","5339-49"
"Conventional","7812-11"
"Conventional","5852-6"
"Conventional","22098-10"
"Conventional","20066-19"
"Conventional","18203-9"
"Conventional","20430-8"
"Conventional","7813-6"
"Conventional","6706-18"
"Conventional","6715-63"
"Conventional","10463-23"
"Conventional","17441-4"
"Conventional","15559-5"
"Conventional","23378-29"
"Conventional","8784-7"
"Conventional","12450-42"
"Conventional","24641-10"
"Conventional","11196-31"
"Conventional","6511-17"
"Conventional","16621-77"
"Conventional","6467-65"
"Conventional","10754-113"
"Conventional","13112-179"
"Conventional","12504-26"
"Conventional","14192-31"
"Conventional","3320-49"
"Conventional","23376-56"
"Conventional","21837-3"
"Conventional","23637-55"
"Conventional","12740-55"
"Conventional","23354-12"
"Conventional","19606-28"
"Conventional","5133-17"
"Conventional","22007-1"
"Conventional","8973-23"
"Conventional","8991-115"
"Conventional","7224-11"
"Conventional","7179-69"
"Conventional","5728-60"
"Conventional","3379-29"
"Conventional","20076-7"
"Conventional","12893-159"
"Conventional","13940-19"
"Conventional","25889-108"
"Conventional","11355-10"
"Conventional","11516-7"
"Conventional","7187-3"
"Conventional","3022-4"
"Conventional","20969-114"
"Conventional","10636-1"
"Conventional","5103-30"
"Conventional","12664-19"
"Conventional","18380-78"
"Conventional","22099-1"
"Conventional","23672-10"
"Conventional","6447-73"
"Conventional","7826-1"
"Conventional","12753-6"
"Conventional","12761-12"
"Conventional","5468-67"
"Conventional","7628-40"
"Conventional","6081-52"
"Conventional","2986-49"
"Conventional","22973-8"
"Conventional","2979-8"
"Conventional","16765-52"
"Conventional","2790-54"
"Conventional","4544-4"
"Conventional","17165-1"
"Conventional","2697-7"
"Conventional","24454-27"
"Conventional","2985-35"
"Conventional","9947-22"
"Conventional","5583-62"
"Conventional","23625-44"
"Conventional","18933-4"
"Conventional","16818-200"
"Conventional","8589-13"
"Conventional","6565-68"
"Conventional","5701-81"
"Conventional","20378-110"
"Conventional","11643-73"
"Conventional","23680-1"
"Conventional","21645-6"
"Conventional","20437-9"
"Conventional","21281-13"
"Conventional","10490-3"
"Conventional","21758-65"
"Conventional","21750-25"
"Conventional","4306-4"
"Conventional","2869-68"
"Conventional","12518-289"
"Conventional","24648-8"
"Conventional","3640-14"
"Conventional","9926-4"
"Conventional","23261-27"
"Conventional","8631-13"
"Conventional","2714-78"
"Conventional","3210-1"
"Conventional","8037-53"
"Conventional","8053-16"
"Conventional","4163-5"
"Conventional","17329-2"
"Conventional","10631-9"
"Conventional","10506-53"
"Conventional","8681-93"
"Conventional","11548-84"
"Conventional","9384-17"
"Conventional","15481-45"
"Conventional","12790-10"
"Conventional","2640-3"
"Conventional","22862-44"
"Conventional","22531-44"
"Conventional","22978-13"
"Conventional","6913-189"
"Conventional","12888-18"
"Conventional","15313-28"
"Conventional","14158-17"
"Conventional","4995-16"
"Conventional","19568-17"
"Conventional","13488-3"
"Conventional","10833-64"
"Conventional","12345-4"
"Conventional","15603-20"
"Conventional","9360-33"
"Conventional","21120-3"
"Conventional","19115-13"
"Conventional","13378-80"
"Conventional","8051-10"
"Conventional","10584-7"
"Conventional","8243-55"
"Conventional","3805-16"
"Conventional","8269-327"
"Conventional","15579-26"
"Conventional","3593-72"
"Conventional","4964-67"
"Conventional","8960-3"
"Conventional","12338-27"
"Conventional","5743-82"
"Conventional","21590-9"
"Conventional","19124-9"
"Conventional","16918-198"
"Conventional","4152-58"
"Conventional","21697-57"
"Conventional","4717-55"
"Conventional","4697-59"
"Conventional","3067-67"
"Conventional","5708-1"
"Conventional","20544-103"
"Conventional","9402-18"
"Conventional","5087-5"
"Conventional","9456-34"
"Conventional","22402-12"
"Conventional","8273-84"
"Conventional","7003-4"
"Conventional","22391-34"
"Conventional","20964-13"
"Conventional","12774-12"
"Conventional","24316-10"
"Conventional","20988-63"
"Conventional","17727-1"
"Conventional","21140-19"
"Conventional","15368-3"
"Conventional","3654-27"
"Conventional","6600-70"
"Conventional","8363-18"
"Conventional","24640-63"
"Conventional","22374-56"
"Conventional","4985-11"
"Conventional","2743-5"
"Conventional","8007-19"
"Conventional","3061-61"
"Conventional","8852-10"
"Conventional","8304-50"
"Conventional","6387-61"
"Conventional","16785-45"
"Conventional","6629-3"
"Conventional","21995-20"
"Conventional","5726-49"
"Conventional","5762-35"
"Conventional","12891-1"
"Conventional","3799-11"
"Conventional","25255-4"
"Conventional","21498-3"
"Conventional","8903-1"
"Conventional","5858-6"
"Conventional","6236-51"
"Conventional","15467-10"
"Conventional","20568-3"
"Conventional","12817-1"
"Conventional","22005-8"
"Conventional","24251-44"
"Conventional","8068-43"
"Conventional","8093-13"
"Conventional","16583-8"
"Conventional","17176-13"
"Conventional","11378-37"
"Conventional","10722-13"
"Conventional","23558-33"
"Conventional","11833-83"
"Conventional","15389-1"
"Conventional","6119-14"
"Conventional","5653-23"
"Conventional","11265-8"
"Conventional","19333-4"
"Conventional","8298-8"
"Conventional","11109-56"
"Conventional","11178-21"
"Conventional","7206-20"
"Conventional","12751-26"
"Conventional","12867-40"
"Conventional","13098-93"
"Conventional","14705-1"
"Conventional","7778-104"
"Conventional","21710-16"
"Conventional","23287-109"
"Conventional","25033-194"
"Conventional","6555-58"
"Conventional","4568-17"
"Conventional","24963-1"
"Conventional","11670-18"
"Conventional","11371-1"
"Conventional","21503-12"
"Conventional","17818-22"
"Conventional","23528-199"
"Conventional","15587-20"
"Conventional","3000-66"
"Conventional","24643-21"
"Conventional","8810-26"
"Conventional","6226-69"
"Conventional","7178-59"
"Conventional","12425-104"
"Conventional","22521-13"
"Conventional","8396-42"
"Conventional","8034-6"
"Conventional","17761-2"
"Conventional","10977-55"
"Conventional","24698-12"
"Conventional","7242-14"
"Conventional","23253-5"
"Conventional","8945-7"
"Conventional","8830-29"
"Conventional","8397-147"
"Conventional","22140-6"
"Conventional","8358-30"
"Conventional","13422-66"
"Conventional","4332-6"
"Conventional","9778-45"
"Conventional","24907-3"
"Conventional","19290-5"
"Conventional","23327-1"
"Conventional","3220-40"
"Conventional","24463-1"
"Conventional","21513-1"
"Conventional","7950-142"
"Conventional","7128-9"
"Conventional","24956-1"
"Conventional","23543-92"
"Conventional","25464-1"
"Conventional","25267-10"
"Conventional","25274-2"
"Conventional","14674-63"
"Conventional","23665-35"
"Conventional","7925-18"
"Conventional","6551-94"
"Conventional","6544-33"
"Conventional","24179-48"
"Conventional","21707-15"
"Conventional","17404-5"
"Conventional","15594-47"
"Conventional","8318-13"
"Conventional","6907-17"
"Conventional","2998-53"
"Conventional","4137-57"
"Conventional","4533-76"
"Conventional","21339-19"
"Conventional","4322-28"
"Conventional","20167-6"
"Conventional","17199-43"
"Conventional","9800-20"
"Conventional","2828-82"
"Conventional","8906-60"
"Conventional","3800-71"
"Conventional","12743-18"
"Conventional","23272-8"
"Conventional","20966-7"
"Conventional","18401-18"
"Conventional","14029-42"
"Conventional","13025-4"
"Conventional","11313-100"
"Conventional","23607-1"
"Conventional","10440-26"
"Conventional","9585-80"
"Conventional","20516-11"
"Conventional","24904-121"
"Conventional","9532-5"
"Conventional","3186-2"
"Conventional","10818-36"
"Conventional","14206-28"
"Conventional","12822-34"
"Conventional","10053-5"
"Conventional","18270-10"
"Conventional","17691-1"
"Conventional","5639-49"
"Conventional","15298-199"
"Conventional","11287-14"
"Conventional","11311-79"
"Conventional","19143-38"
"Conventional","19130-81"
"Conventional","11228-37"
"Conventional","11967-23"
"Conventional","10752-8"
"Conventional","21397-21"
"Conventional","5654-70"
"Conventional","5636-10"
"Conventional","5475-10"
"Conventional","18899-82"
"Conventional","7752-31"
"Conventional","15482-12"
"Conventional","19114-8"
"Conventional","22481-15"
"Conventional","23545-6"
"Conventional","8817-29"
"Conventional","23555-11"
"Conventional","6393-63"
"Conventional","8479-4"
"Conventional","10479-18"
"Conventional","8002-27"
"Conventional","12731-12"
"Conventional","22833-74"
"Conventional","10574-10"
"Conventional","3485-28"
"Conventional","8838-10"
"Conventional","10613-33"
"Conventional","19376-74"
"Conventional","23325-18"
"Conventional","4718-5"
"Conventional","9828-86"
"Conventional","19158-1"
"Conventional","15457-14"
"Conventional","23300-3"
"Conventional","22114-4"
"Conventional","3394-81"
"Conventional","13680-3"
"Conventional","10372-18"
"Conventional","22077-46"
"Conventional","21687-3"
"Conventional","7186-111"
"Conventional","14156-33"
"Conventional","12414-31"
"Conventional","6406-3"
"Conventional","18878-15"
"Conventional","10363-13"
"Conventional","16856-79"
"Conventional","8877-22"
"Conventional","7008-13"
"Conventional","24425-8"
"Conventional","15465-79"
"Conventional","7832-181"
"Conventional","4719-58"
"Conventional","20972-37"
"Conventional","22801-83"
"Conventional","20959-12"
"Conventional","20990-48"
"Conventional","10917-40"
"Conventional","11260-47"
"Conventional","17466-72"
"Conventional","21653-205"
"Conventional","23314-46"
"Conventional","7891-45"
"Conventional","13124-20"
"Conventional","8528-74"
"Conventional","21499-17"
"Conventional","4976-57"
"Conventional","13472-35"
"Conventional","6973-111"
"Conventional","8327-26"
"Conventional","16781-2"
"Conventional","7947-19"
"Conventional","23202-78"
"Conventional","9271-101"
"Conventional","8916-32"
"Conventional","11360-39"
"Conventional","21147-9"
"Conventional","23929-159"
"Conventional","11565-58"
"Conventional","12771-19"
"Conventional","4801-13"
"Conventional","14069-61"
"Conventional","9863-1"
"Conventional","7660-21"
"Conventional","19748-3"
"Conventional","18422-41"
"Conventional","23270-14"
"Conventional","24237-115"
"Conventional","6400-33"
"Conventional","13623-4"
"Conventional","22392-5"
"Conventional","23329-52"
"Conventional","13697-51"
"Conventional","11081-1"
"Conventional","19123-6"
"Conventional","11284-24"
"Conventional","7130-4"
"Conventional","14619-8"
"Conventional","18907-97"
"Conventional","19117-3"
"Conventional","2843-13"
"Conventional","19784-16"
"Conventional","24261-202"
"Conventional","21229-5"
"Conventional","4553-65"
"Conventional","5121-3"
"Conventional","16015-19"
"Conventional","3709-4"
"Conventional","24244-81"
"Conventional","3024-18"
"Conventional","10924-258"
"Conventional","2833-20"
"Conventional","14039-33"
"Conventional","3201-49"
"Conventional","2831-29"
"Conventional","7775-15"
"Conventional","11152-46"
"Conventional","3200-49"
"Conventional","9931-20"
"Conventional","3796-79"
"Conventional","16320-139"
"Conventional","2686-67"
"Conventional","14088-38"
"Conventional","24690-1"
"Conventional","22952-28"
"Conventional","18227-3"
"Conventional","5066-134"
"Conventional","13406-161"
"Conventional","5630-48"
"Conventional","24488-8"
"Conventional","6380-23"
"Conventional","14019-73"
"Conventional","4301-58"
"Conventional","9730-22"
"Conventional","13101-60"
"Conventional","5729-27"
"Conventional","6997-32"
"Conventional","6324-11"
"Conventional","19367-34"
"Conventional","12473-48"
"Conventional","6420-4"
"Conventional","21375-34"
"Conventional","25913-17"
"Conventional","7056-16"
"Conventional","10430-31"
"Conventional","19623-26"
"Conventional","8418-30"
"Conventional","9842-2"
"Conventional","16593-3"
"Conventional","17505-125"
"Conventional","12777-11"
"Conventional","9569-14"
"Conventional","11292-13"
"Conventional","17475-18"
"Conventional","10419-1"
"Conventional","15434-5"
"Conventional","2642-4"
"Conventional","25261-42"
"Conventional","12497-29"
"Conventional","16883-57"
"Conventional","5682-13"
"Conventional","17817-22"
"Conventional","12875-28"
"Conventional","21624-64"
"Conventional","6909-40"
"Conventional","21814-13"
"Conventional","22526-81"
"Conventional","23267-5"
"Conventional","23161-3"
"Conventional","2760-2"
"Conventional","12801-33"
"Conventional","18408-26"
"Conventional","19504-22"
"Conventional","13629-25"
"Conventional","13525-17"
"Conventional","5489-18"
"Conventional","13597-20"
"Conventional","5698-60"
"Conventional","8003-57"
"Conventional","3348-49"
"Conventional","24434-16"
"Conventional","12577-100"
"Conventional","3332-57"
"Conventional","21562-3"
"Conventional","14205-6"
"Conventional","25473-62"
"Conventional","18880-81"
"Conventional","2515-14"
"Conventional","24449-11"
"Conventional","17827-53"
"Conventional","9226-6"
"Conventional","13549-15"
"Conventional","10354-57"
"Conventional","10346-5"
"Conventional","3795-6"
"Conventional","5822-22"
"Conventional","9345-436"
"Conventional","8429-16"
"Conventional","12925-105"
"Conventional","21141-9"
"Conventional","9004-24"
"Conventional","5089-11"
"Conventional","11275-94"
"Conventional","12652-37"
"Conventional","6342-10"
"Conventional","3356-50"
"Conventional","7923-41"
"Conventional","18895-54"
"Conventional","11433-11"
"Conventional","24294-13"
"Conventional","9037-1"
"Conventional","7099-33"
"Conventional","18813-15"
"Conventional","10672-75"
"Conventional","23276-14"
"Conventional","10848-137"
"Conventional","19788-6"
"Conventional","13501-10"
"Conventional","25264-102"
"Conventional","5671-1"
"Conventional","5648-28"
"Conventional","18819-21"
"Conventional","18308-30"
"Conventional","9197-4"
"Conventional","18332-17"
"Conventional","2742-68"
"Conventional","21507-48"
"Conventional","2864-2"
"Conventional","14309-8"
"Conventional","19108-50"
"Conventional","23382-30"
"Conventional","7861-9"
"Conventional","10089-7"
"Conventional","7262-191"
"Conventional","20130-144"
"Conventional","24445-38"
"Conventional","23771-17"
"Conventional","22365-52"
"Conventional","18165-181"
"Conventional","21756-5"
"Conventional","8246-9"
"Conventional","5231-79"
"Conventional","25123-198"
"Conventional","20453-9"
"Conventional","6388-21"
"Conventional","3072-4"
"Conventional","14085-28"
"Conventional","16847-39"
"Conventional","6240-70"
"Conventional","16614-27"
"Conventional","21342-25"
"Conventional","7638-30"
"Conventional","9468-8"
"Conventional","20934-13"
"Conventional","8982-65"
"Conventional","17673-34"
"Conventional","20091-138"
"Conventional","4141-79"
"Conventional","18171-25"
"Conventional","3038-9"
"Conventional","23324-6"
"Conventional","20433-19"
"Conventional","18330-7"
"Conventional","20522-2"
"Conventional","7073-69"
"Conventional","9075-121"
"Conventional","7092-7"
"Conventional","9451-20"
"Conventional","17765-3"
"Conventional","15322-35"
"Conventional","8394-56"
"Conventional","15576-158"
"Conventional","5741-55"
"Conventional","4986-59"
"Conventional","12633-3"
"Conventional","5646-20"
"Conventional","3447-64"
"Conventional","7225-51"
"Conventional","15314-49"
"Conventional","12491-23"
"Conventional","9363-11"
"Conventional","11458-30"
"Conventional","5900-11"
"Conventional","24693-5"
"Conventional","23321-42"
"Conventional","7770-25"
"Conventional","10464-6"
"Conventional","15374-15"
"Conventional","24247-13"
"Conventional","8404-102"
"Conventional","12033-3"
"Conventional","21231-3"
"Conventional","25085-37"
"Conventional","8403-18"
"Conventional","7203-125"
"Conventional","17758-79"
"Conventional","22491-10"
"Conventional","16769-20"
"Conventional","14139-16"
"Conventional","23000-22"
"Conventional","8052-115"
"Conventional","15620-4"
"Conventional","13939-14"
"Conventional","6620-82"
"Conventional","9764-79"
"Conventional","9269-7"
"Conventional","15644-1"
"Conventional","10772-21"
"Conventional","5740-17"
"Conventional","24678-10"
"Conventional","21940-12"
"Conventional","24944-12"
"Conventional","23409-83"
"Conventional","21981-2"
"Conventional","12835-101"
"Conventional","7928-183"
"Conventional","10553-8"
"Conventional","21915-2"
"Conventional","15562-24"
"Conventional","9027-10"
"Conventional","9772-153"
"Conventional","11223-1"
"Conventional","5451-1"
"Conventional","4179-57"
"Conventional","8901-40"
"Conventional","20090-63"
"Conventional","5590-11"
"Conventional","23370-39"
"Conventional","7266-4"
"Conventional","4785-30"
"Conventional","14326-4"
"Conventional","9774-59"
"Conventional","22476-115"
"Conventional","16863-47"
"Conventional","6450-8"
"Conventional","18174-79"
"Conventional","7895-108"
"Conventional","9074-6"
"Conventional","17735-130"
"Conventional","22966-20"
"Conventional","10903-50"
"Conventional","6641-60"
"Conventional","21931-16"
"Conventional","21931-27"
"Conventional","6651-74"
"Conventional","9851-9"
"Conventional","15386-7"
"Conventional","7980-72"
"Conventional","6506-54"
"Conventional","12462-20"
"Conventional","9838-4"
"Conventional","13661-193"
"Conventional","3803-10"
"Conventional","4324-33"
"Conventional","5459-33"
"Conventional","5363-51"
"Conventional","21437-77"
"Conventional","17450-51"
"Conventional","8969-49"
"Conventional","16914-104"
"Conventional","8033-1"
"Conventional","24422-36"
"Conventional","7780-34"
"Conventional","16322-10"
"Conventional","11566-48"
"Conventional","6606-61"
"Conventional","9482-110"
"Conventional","4258-15"
"Conventional","12456-5"
"Conventional","24699-20"
"Conventional","21221-67"
"Conventional","3797-1"
"Conventional","21002-1"
"Conventional","9127-4"
"Conventional","24704-38"
"Conventional","20946-41"
"Conventional","9107-59"
"Conventional","13386-248"
"Conventional","12812-25"
"Conventional","11262-39"
"Conventional","10022-207"
"Conventional","8066-38"
"Conventional","21495-134"
"Conventional","20387-277"
"Conventional","11315-148"
"Conventional","6456-17"
"Conventional","21371-12"
"Conventional","18277-28"
"Conventional","20976-19"
"Conventional","4910-21"
"Conventional","22774-20"
"Conventional","5659-11"
"Conventional","14645-253"
"Conventional","8702-42"
"Conventional","7116-31"
"Conventional","13936-24"
"Conventional","12811-55"
"Conventional","8999-19"
"Conventional","17140-57"
"Conventional","9341-1"
"Conventional","23648-36"
"Conventional","13524-25"
"Conventional","7069-9"
"Conventional","8386-11"
"Conventional","8249-124"
"Conventional","17365-7"
"Conventional","5680-54"
"Conventional","23706-13"
"Conventional","3448-13"
"Conventional","11364-18"
"Conventional","8905-20"
"Conventional","4548-4"
"Conventional","6027-31"
"Conventional","5735-54"
"Conventional","18301-10"
"Conventional","19467-3"
"Conventional","6530-63"
"Conventional","10562-42"
"Conventional","17800-33"
"Conventional","8220-15"
"Conventional","8237-56"
"Conventional","9256-78"
"Conventional","9385-4"
"Conventional","6480-1"
"Conventional","7779-86"
"Conventional","7930-3"
"Conventional","3896-5"
"Conventional","14005-2"
"Conventional","15606-19"
"Conventional","23299-52"
"Conventional","6622-90"
"Conventional","12632-14"
"Conventional","12975-11"
"Conventional","9359-9"
"Conventional","19196-73"
"Conventional","6494-60"
"Conventional","5202-4"
"Conventional","14135-3"
"Conventional","12501-10"
"Conventional","7076-17"
"Conventional","4989-7"
"Conventional","4907-56"
"Conventional","2796-62"
"Conventional","18890-227"
"Conventional","9175-48"
"Conventional","15521-4"
"Conventional","13942-140"
"Conventional","12482-5"
"Conventional","18928-10"
"Conventional","12713-365"
"Conventional","13481-24"
"Conventional","20141-42"
"Conventional","13397-88"
"Conventional","22786-57"
"Conventional","24902-84"
"Conventional","24236-46"
"Conventional","2982-82"
"Conventional","18188-12"
"Conventional","23632-22"
"Conventional","3412-7"
"Conventional","23705-42"
"Conventional","24267-24"
"Conventional","9941-70"
"Conventional","6371-50"
"Conventional","17750-8"
"Conventional","7243-8"
"Conventional","14127-240"
"Conventional","3831-21"
"Conventional","3864-5"
"Conventional","18231-147"
"Conventional","8470-213"
"Conventional","6545-58"
"Conventional","11363-58"
"Conventional","14082-56"
"Conventional","12449-16"
"Conventional","21429-50"
"Conventional","15304-1"
"Conventional","9277-16"
"Conventional","15325-14"
"Conventional","23018-4"
"Conventional","5693-6"
"Conventional","16770-3"
"Conventional","21730-56"
"Conventional","6557-50"
"Conventional","23290-3"
"Conventional","2942-50"
"Conventional","9310-2"
"Conventional","16803-4"
"Conventional","5301-7"
"Conventional","9078-207"
"Conventional","25300-39"
"Conventional","10967-12"
"Conventional","2585-2"
"Conventional","22953-85"
"Conventional","2751-16"
"Conventional","14713-46"
"Conventional","9409-11"
"Conventional","22076-34"
"Conventional","12430-78"
"Conventional","3603-60"
"Conventional","25964-12"
"Conventional","21567-214"
"Conventional","23200-25"
"Conventional","7050-5"
"Conventional","13109-82"
"Conventional","25459-3"
"Conventional","3585-54"
"Conventional","9541-15"
"Conventional","11187-11"
"Conventional","12020-39"
"Conventional","20398-60"
"Conventional","17383-4"
"Conventional","12754-14"
"Conventional","20975-2"
"Conventional","2774-10"
"Conventional","7097-8"
"Conventional","23704-11"
"Conventional","25211-14"
"Conventional","15535-3"
"Conventional","3624-3"
"Conventional","10462-14"
"Conventional","24662-78"
"Conventional","4136-40"
"Conventional","6991-24"
"Conventional","20924-85"
"Conventional","8014-359"
"Conventional","24646-47"
"Conventional","23601-43"
"Conventional","19169-88"
"Conventional","12864-9"
"Conventional","10975-59"
"Conventional","5254-69"
"Conventional","7123-25"
"Conventional","14086-11"
"Conventional","4771-10"
"Conventional","13574-50"
"Conventional","4922-13"
"Conventional","7156-2"
"Conventional","23288-28"
"Conventional","11155-16"
"Conventional","4203-50"
"Conventional","23283-9"
"Conventional","23282-19"
"Conventional","22553-4"
"Conventional","25292-6"
"Conventional","25292-4"
"Conventional","19752-197"
"Conventional","20116-30"
"Conventional","18206-18"
"Conventional","25879-6"
"Conventional","12860-7"
"Conventional","3347-9"
"Conventional","5604-30"
"Conventional","20213-82"
"Conventional","13672-3"
"Conventional","23615-4"
"Conventional","9873-17"
"Conventional","12442-4"
"Conventional","12509-115"
"Conventional","12530-14"
"Conventional","13578-98"
"Conventional","25093-96"
"Conventional","18386-36"
"Conventional","25424-234"
"Conventional","23414-12"
"Conventional","19630-2"
"Conventional","9723-105"
"Conventional","24928-20"
"Conventional","9907-216"
"Conventional","12768-3"
"Conventional","21406-25"
"Conventional","6604-59"
"Conventional","7991-54"
"Conventional","7893-19"
"Conventional","3636-37"
"Conventional","23176-17"
"Conventional","8369-102"
"Conventional","22506-25"
"Conventional","15515-2"
"Conventional","4336-2"
"Conventional","7956-11"
"Conventional","22806-1"
"Conventional","5668-49"
"Conventional","17342-13"
"Conventional","11180-17"
"Conventional","9339-204"
"Conventional","9453-12"
"Conventional","14121-24"
"Conventional","4407-10"
"Conventional","19177-7"
"Conventional","8951-162"
"Conventional","20454-24"
"Conventional","12671-35"
"Conventional","13990-1"
"Conventional","18932-84"
"Conventional","21696-80"
"Conventional","24489-34"
"Conventional","9850-38"
"Conventional","10767-52"
"Conventional","13408-23"
"Conventional","3235-50"
"Conventional","20408-11"
"Conventional","11681-8"
"Conventional","16551-14"
"Conventional","12008-3"
"Conventional","6609-22"
"Conventional","16768-3"
"Conventional","23007-8"
"Conventional","20913-27"
"Conventional","14260-112"
"Conventional","20428-5"
"Conventional","22095-29"
"Conventional","6304-8"
"Conventional","23361-20"
"Conventional","6375-75"
"Conventional","22800-24"
"Conventional","11285-8"
"Conventional","8393-121"
"Conventional","9212-22"
"Conventional","7824-88"
"Conventional","20563-48"
"Conventional","16324-38"
"Conventional","11149-3"
"Conventional","6597-24"
"Conventional","3331-8"
"Conventional","13377-3"
"Conventional","4993-16"
"Conventional","4154-57"
"Conventional","11587-5"
"Conventional","9934-29"
"Conventional","13946-8"
"Conventional","10036-201"
"Conventional","18302-204"
"Conventional","7995-16"
"Conventional","23228-2"
"Conventional","6965-19"
"Conventional","11952-1"
"Conventional","7118-24"
"Conventional","9386-42"
"Conventional","6491-59"
"Conventional","13435-31"
"Conventional","9790-28"
"Conventional","11112-18"
"Conventional","8484-24"
"Conventional","2575-5"
"Conventional","25297-11"
"Conventional","11219-95"
"Conventional","12885-42"
"Conventional","22523-4"
"Conventional","9490-3"
"Conventional","18900-37"
"Conventional","22585-5"
"Conventional","15491-20"
"Conventional","13088-397"
"Conventional","9242-11"
"Conventional","16852-10"
"Conventional","7939-1"
"Conventional","19278-19"
"Conventional","3867-49"
"Conventional","8791-151"
"Conventional","8219-14"
"Conventional","4428-1"
"Conventional","18863-176"
"Conventional","11677-17"
"Conventional","12556-7"
"Conventional","22568-7"
"Conventional","25074-119"
"Conventional","23187-9"
"Conventional","6969-14"
"Conventional","19175-18"
"Conventional","16907-3"
"Conventional","9253-52"
"Conventional","12968-2"
"Conventional","15686-49"
"Conventional","6408-2"
"Conventional","19119-10"
"Conventional","5879-51"
"Conventional","5443-62"
"Conventional","11955-1"
"Conventional","9815-5"
"Conventional","7803-4"
"Conventional","13022-20"
"Conventional","22530-111"
"Conventional","3303-23"
"Conventional","14711-27"
"Conventional","17795-176"
"Conventional","12370-30"
"Conventional","18237-29"
"Conventional","3401-8"
"Conventional","13545-97"
"Conventional","11353-143"
"Conventional","10364-6"
"Conventional","13388-57"
"Conventional","21987-76"
"Conventional","13603-7"
"Conventional","19159-9"
"Conventional","9987-30"
"Conventional","7890-68"
"Conventional","21849-2"
"Conventional","15613-16"
"Conventional","8067-21"
"Conventional","24636-9"
"Conventional","8307-47"
"Conventional","20083-1"
"Conventional","9895-77"
"Conventional","8074-32"
"Conventional","25112-6"
"Conventional","23550-10"
"Conventional","12365-108"
"Conventional","4829-43"
"Conventional","7137-8"
"Conventional","22134-1"
"Conventional","19331-18"
"Conventional","17170-15"
"Conventional","10546-2"
"Conventional","20994-37"
"Conventional","3708-62"
"Conventional","18413-24"
"Conventional","11293-14"
"Conventional","11586-2"
"Conventional","21105-23"
"Conventional","10563-13"
"Conventional","7981-230"
"Conventional","23520-60"
"Conventional","8908-14"
"Conventional","8756-41"
"Conventional","22404-4"
"Conventional","23242-2"
"Conventional","2878-66"
"Conventional","21160-4"
"Conventional","23605-3"
"Conventional","18894-1"
"Conventional","4294-16"
"Conventional","7045-4"
"Conventional","8646-61"
"Conventional","6572-10"
"Conventional","13563-259"
"Conventional","6468-37"
"Conventional","16585-16"
"Conventional","25052-3"
"Conventional","12386-11"
"Conventional","7866-11"
"Conventional","11327-56"
"Conventional","12788-6"
"Conventional","7865-126"
"Conventional","17793-4"
"Conventional","23580-2"
"Conventional","25285-14"
"Conventional","20217-26"
"Conventional","7096-30"
"Conventional","23405-33"
"Conventional","20447-11"
"Conventional","14051-54"
"Conventional","2421-7"
"Conventional","14047-78"
"Conventional","8321-27"
"Conventional","20922-4"
"Conventional","5763-67"
"Conventional","11425-31"
"Conventional","20111-5"
"Conventional","5679-16"
"Conventional","10825-12"
"Conventional","21705-33"
"Conventional","5035-7"
"Conventional","14708-59"
"Conventional","9121-28"
"Conventional","24490-16"
"Conventional","24638-3"
"Conventional","12334-25"
"Conventional","8346-9"
"Conventional","9445-44"
"Conventional","6369-82"
"Conventional","7196-21"
"Conventional","24656-6"
"Conventional","18886-28"
"Conventional","12540-25"
"Conventional","24891-54"
"Conventional","23315-30"
"Conventional","21106-206"
"Conventional","14593-152"
"Conventional","11347-9"
"Conventional","3469-74"
"Conventional","9297-12"
"Conventional","11201-19"
"Conventional","24320-3"
"Conventional","7071-23"
"Conventional","20577-5"
"Conventional","9114-84"
"Conventional","9565-6"
"Conventional","24689-9"
"Conventional","12785-49"
"Conventional","6929-10"
"Conventional","19233-75"
"Conventional","22771-6"
"Conventional","5028-59"
"Conventional","8236-8"
"Conventional","10949-59"
"Conventional","10356-21"
"Conventional","18331-3"
"Conventional","2992-59"
"Conventional","9802-27"
"Conventional","22045-8"
"Conventional","11456-2"
"Conventional","21547-6"
"Conventional","21661-82"
"Conventional","13557-3"
"Conventional","12677-164"
"Conventional","24697-48"
"Conventional","25898-4"
"Conventional","20379-59"
"Conventional","5464-52"
"Conventional","3905-62"
"Conventional","21747-114"
"Conventional","21747-8"
"Conventional","10959-125"
"Conventional","25245-22"
"Conventional","22071-38"
"Conventional","22094-15"
"Conventional","6575-79"
"Conventional","16890-37"
"Conventional","5250-53"
"Conventional","17820-170"
"Conventional","23254-31"
"Conventional","8842-16"
"Conventional","8336-267"
"Conventional","15370-5"
"Conventional","22536-1"
"Conventional","7748-11"
"Conventional","5731-1"
"Conventional","4304-18"
"Conventional","8296-117"
"Conventional","8700-325"
"Conventional","10743-13"
"Conventional","15539-15"
"Conventional","25438-288"
"Conventional","10756-34"
"Conventional","11390-24"
"Conventional","20521-83"
"Conventional","2618-10"
"Conventional","21600-10"
"Conventional","9486-13"
"Conventional","8814-33"
"Conventional","11229-16"
"Conventional","23311-19"
"Conventional","7185-29"
"Conventional","18226-148"
"Conventional","25260-62"
"Conventional","24955-116"
"Conventional","6415-90"
"Conventional","24277-22"
"Conventional","9100-32"
"Conventional","10713-151"
"Conventional","25233-2"
"Conventional","11186-12"
"Conventional","23322-2"
"Conventional","25259-7"
"Conventional","9400-40"
"Conventional","9196-8"
"Conventional","25124-21"
"Conventional","13926-1"
"Conventional","18310-26"
"Conventional","21203-14"
"Conventional","23591-9"
"Conventional","3346-72"
"Conventional","23596-17"
"Conventional","23606-18"
"Conventional","24683-11"
"Conventional","21384-2"
"Conventional","5264-65"
"Conventional","21392-15"
"Conventional","22564-5"
"Conventional","20589-5"
"Conventional","10058-1"
"Conventional","9302-90"
"Conventional","11830-48"
"Conventional","3397-7"
"Conventional","4991-12"
"Conventional","6385-63"
"Conventional","20942-4"
"Conventional","7921-65"
"Conventional","24472-28"
"Conventional","7139-14"
"Conventional","12422-143"
"Conventional","23403-64"
"Conventional","23595-6"
"Conventional","12800-5"
"Conventional","23652-15"
"Conventional","2819-23"
"Conventional","18947-3"
"Conventional","18830-1"
"Conventional","8971-9"
"Conventional","22579-93"
"Conventional","5110-84"
"Conventional","10575-31"
"Conventional","4314-12"
"Conventional","17345-12"
"Conventional","7969-163"
"Conventional","22484-17"
"Conventional","17819-30"
"Conventional","21112-6"
"Conventional","5316-54"
"Conventional","4157-2"
"Conventional","22010-36"
"Conventional","8081-55"
"Conventional","13429-3"
"Conventional","21595-8"
"Conventional","21588-4"
"Conventional","22589-3"
"Conventional","21439-37"
"Conventional","5463-22"
"Conventional","13544-9"
"Conventional","8315-5"
"Conventional","21716-29"
"Conventional","23593-14"
"Conventional","10449-31"
"Conventional","5021-13"
"Conventional","20967-137"
"Conventional","24661-4"
"Conventional","5598-3"
"Conventional","21149-27"
"Conventional","23285-51"
"Conventional","12484-67"
"Conventional","19109-32"
"Conventional","8021-59"
"Conventional","24289-1"
"Conventional","9837-60"
"Conventional","8671-378"
"Conventional","6617-12"
"Conventional","13502-2"
"Conventional","3554-24"
"Conventional","15565-102"
"Conventional","8870-38"
"Conventional","21244-57"
"Conventional","9076-25"
"Conventional","14144-3"
"Conventional","11128-29"
"Conventional","7173-141"
"Conventional","6354-13"
"Conventional","24718-8"
"Conventional","4144-13"
"Conventional","13530-5"
"Conventional","18294-26"
"Conventional","24686-19"
"Conventional","21766-50"
"Conventional","7782-34"
"Conventional","12647-52"
"Conventional","17346-61"
"Conventional","11465-4"
"Conventional","2968-61"
"Conventional","14057-68"
"Conventional","9984-12"
"Conventional","9979-13"
"Conventional","20120-101"
"Conventional","21711-86"
"Conventional","13399-33"
"Conventional","9638-2"
"Conventional","13411-21"
"Conventional","8048-9"
"Conventional","12803-9"
"Conventional","20457-13"
"Conventional","23289-25"
"Conventional","24702-31"
"Conventional","21260-74"
"Conventional","4469-78"
"Conventional","14097-86"
"Conventional","7208-60"
"Conventional","13517-3"
"Conventional","13650-11"
"Conventional","12434-25"
"Conventional","4435-66"
"Conventional","17336-54"
"Conventional","5483-1"
"Conventional","21933-7"
"Conventional","13431-74"
"Conventional","8378-3"
"Conventional","12691-44"
"Conventional","12821-6"
"Conventional","21526-88"
"Conventional","18405-117"
"Conventional","8840-61"
"Conventional","20203-45"
"Conventional","11130-158"
"Conventional","4396-54"
"Conventional","13734-22"
"Conventional","22812-4"
"Conventional","12993-21"
"Conventional","25110-19"
"Conventional","2860-19"
"Conventional","3284-75"
"Conventional","13690-26"
"Conventional","16597-11"
"Conventional","8690-25"
"Conventional","8005-1"
"Conventional","5602-62"
"Conventional","12457-10"
"Conventional","21188-38"
"Conventional","10781-19"
"Conventional","19765-17"
"Conventional","13511-29"
"Conventional","6054-6"
"Conventional","13682-47"
"Conventional","2638-12"
"Conventional","9220-7"
"Conventional","23426-1"
"Conventional","8998-15"
"Conventional","19370-30"
"Conventional","11354-21"
"Conventional","10907-116"
"Conventional","20550-38"
"Conventional","8428-102"
"Conventional","23589-21"
"Conventional","6612-90"
"Conventional","4961-17"
"Conventional","13700-10"
"Conventional","4148-49"
"Conventional","7153-66"
"Conventional","13493-5"
"Conventional","13495-48"
"Conventional","24950-21"
"Conventional","9053-16"
"Conventional","23379-60"
"Conventional","21180-16"
"Conventional","3452-17"
"Conventional","4560-34"
"Conventional","22152-162"
"Conventional","2201-17"
"Conventional","25068-131"
"Conventional","12538-19"
"Conventional","5280-68"
"Conventional","20928-39"
"Conventional","10695-12"
"Conventional","12988-49"
"Conventional","3326-58"
"Conventional","18170-46"
"Conventional","6283-60"
"Conventional","13621-31"
"Conventional","3418-12"
"Conventional","9106-87"
"Conventional","15391-114"
"Conventional","25472-12"
"Conventional","5350-14"
"Conventional","9598-23"
"Conventional","24634-1"
"Conventional","18483-36"
"Conventional","11110-4"
"Conventional","11336-9"
"Conventional","10933-107"
"Conventional","4429-51"
"Conventional","25283-2"
"Conventional","20087-3"
"Conventional","6036-78"
"Conventional","5076-53"
"Conventional","7818-101"
"Conventional","11534-6"
"Conventional","17829-2"
"Conventional","10552-88"
"Conventional","24470-20"
"Conventional","24260-4"
"Conventional","10390-21"
"Conventional","14122-132"
"Conventional","6416-8"
"Conventional","9444-70"
"Conventional","9335-28"
"Conventional","8778-3"
"Conventional","5846-24"
"Conventional","19448-104"
"Conventional","4397-26"
"Conventional","15622-13"
"Conventional","3634-5"
"Conventional","23269-40"
"Conventional","3400-49"
"Conventional","8011-96"
"Conventional","17331-138"
"Conventional","6512-68"
"Conventional","3360-50"
"Conventional","19328-51"
"Conventional","11375-49"
"Conventional","20593-10"
"Conventional","8773-172"
"Conventional","9991-112"
"Conventional","8815-1"
"Conventional","11163-7"
"Conventional","19794-10"
"Conventional","23413-38"
"Conventional","9177-6"
"Conventional","5618-50"
"Conventional","22563-4"
"Conventional","12872-35"
"Conventional","20440-36"
"Conventional","4567-82"
"Conventional","12546-1"
"Conventional","9986-14"
"Conventional","7888-58"
"Conventional","10626-116"
"Conventional","10705-14"
"Conventional","11699-16"
"Conventional","23586-32"
"Conventional","6931-10"
"Conventional","3122-6"
"Conventional","24497-8"
"Conventional","3296-92"
"Conventional","23594-2"
"Conventional","18213-30"
"Conventional","19152-4"
"Conventional","18235-16"
"Conventional","25257-162"
"Conventional","10558-26"
"Conventional","6414-8"
"Conventional","9835-16"
"Conventional","21194-39"
"Conventional","5611-56"
"Conventional","18181-2"
"Conventional","2619-72"
"Conventional","14034-22"
"Conventional","20987-21"
"Conventional","16755-195"
"Conventional","18931-40"
"Conventional","2615-60"
"Conventional","10741-22"
"Conventional","3738-54"
"Conventional","6558-5"
"Conventional","24459-15"
"Conventional","14614-41"
"Conventional","22147-19"
"Conventional","19231-22"
"Conventional","2700-56"
"Conventional","22083-60"
"Conventional","7154-92"
"Conventional","11440-58"
"Conventional","16916-19"
"Conventional","7839-99"
"Conventional","13464-8"
"Conventional","6022-57"
"Conventional","22974-25"
"Conventional","14143-8"
"Conventional","19742-3"
"Conventional","21544-4"
"Conventional","9379-248"
"Conventional","9199-6"
"Conventional","10621-26"
"Conventional","21236-12"
"Conventional","25957-5"
"Conventional","12709-63"
"Conventional","9169-14"
"Conventional","14623-26"
"Conventional","20389-36"
"Conventional","25227-20"
"Conventional","5093-47"
"Conventional","20386-15"
"Conventional","4569-52"
"Conventional","10499-1"
"Conventional","24027-32"
"Conventional","5116-62"
"Conventional","22578-17"
"Conventional","13499-30"
"Conventional","3420-21"
"Conventional","19596-18"
"Conventional","5384-67"
"Conventional","9805-51"
"Conventional","20423-40"
"Conventional","24222-10"
"Conventional","13122-19"
"Conventional","13998-26"
"Conventional","11616-9"
"Conventional","12537-88"
"Conventional","25121-7"
"Conventional","8326-63"
"Conventional","8351-17"
"Conventional","20086-5"
"Conventional","12696-166"
"Conventional","4990-87"
"Conventional","13693-5"
"Conventional","4962-52"
"Conventional","8252-2"
"Conventional","13744-37"
"Conventional","18411-83"
"Conventional","15560-52"
"Conventional","5584-21"
"Conventional","13013-41"
"Conventional","18896-23"
"Conventional","13644-30"
"Conventional","12554-10"
"Conventional","5004-69"
"Conventional","7192-37"
"Conventional","8474-6"
"Conventional","2590-69"
"Conventional","9176-3"
"Conventional","10976-44"
"Conventional","10623-19"
"Conventional","13067-5"
"Conventional","6496-60"
"Conventional","6373-54"
"Conventional","8380-244"
"Conventional","2999-6"
"Conventional","11450-110"
"Conventional","4278-14"
"Conventional","11692-21"
"Conventional","3874-8"
"Conventional","4145-58"
"Conventional","6472-40"
"Conventional","7199-3"
"Conventional","15416-54"
"Conventional","25951-17"
"Conventional","17849-6"
"Conventional","22841-16"
"Conventional","20524-38"
"Conventional","10981-56"
"Conventional","10940-25"
"Conventional","11116-16"
"Conventional","24707-6"
"Conventional","18193-165"
"Conventional","24485-32"
"Conventional","10895-28"
"Conventional","16902-17"
"Conventional","12394-53"
"Conventional","20546-71"
"Conventional","12814-17"
"Conventional","24711-21"
"Conventional","6360-7"
"Conventional","21385-5"
"Conventional","8040-9"
"Conventional","9994-217"
"Conventional","12795-2"
"Conventional","17347-80"
"Conventional","5623-11"
"Conventional","10710-23"
"Conventional","11177-16"
"Conventional","7851-30"
"Conventional","17724-3"
"Conventional","16308-14"
"Conventional","19295-32"
"Conventional","3339-33"
"Conventional","14111-15"
"Conventional","20245-13"
"Conventional","11596-47"
"Conventional","10798-4"
"Conventional","8287-17"
"Conventional","20591-48"
"Conventional","4987-17"
"Conventional","12698-72"
"Conventional","9022-49"
"Conventional","13529-39"
"Conventional","21433-3"
"Conventional","10663-42"
"Conventional","12807-89"
"Conventional","12690-33"
"Conventional","22142-4"
"Conventional","7048-4"
"Conventional","6399-52"
"Conventional","5664-57"
"Conventional","21935-16"
"Conventional","7258-5"
"Conventional","13651-54"
"Conventional","21115-48"
"Conventional","5733-61"
"Conventional","14128-121"
"Conventional","24011-27"
"Conventional","6453-70"
"Conventional","3730-81"
"Conventional","18905-5"
"Conventional","15596-7"
"Conventional","22977-18"
"Conventional","22482-87"
"Conventional","9401-57"
"Conventional","5854-60"
"Conventional","11837-7"
"Conventional","5526-53"
"Conventional","7894-155"
"Conventional","7132-55"
"Conventional","9002-36"
"Conventional","12954-71"
"Conventional","9547-29"
"Conventional","24957-6"
"Conventional","6627-25"
"Conventional","11239-49"
"Conventional","7231-37"
"Conventional","24909-40"
"Conventional","6918-183"
"Conventional","4437-56"
"Conventional","22383-21"
"Conventional","13636-20"
"Conventional","7787-25"
"Conventional","8766-29"
"Conventional","15634-139"
"Conventional","12618-50"
"Conventional","7016-12"
"Conventional","25414-11"
"Conventional","25265-8"
"Conventional","2816-50"
"Conventional","19575-4"
"Conventional","2715-25"
"Conventional","21685-29"
"Conventional","14066-49"
"Conventional","12458-79"
"Conventional","9607-39"
"Conventional","7960-53"
"Conventional","18935-14"
"Conventional","14151-4"
"Conventional","14148-2"
"Conventional","23629-4"
"Conventional","6455-52"
"Conventional","5727-35"
"Conventional","24659-6"
"Conventional","18204-1"
"Conventional","11351-233"
"Conventional","17396-23"
"Conventional","5737-61"
"Conventional","21350-29"
"Conventional","14341-8"
"Conventional","11405-150"
"Conventional","8892-14"
"Conventional","8275-31"
"Conventional","2987-37"
"Conventional","11407-57"
"Conventional","17372-5"
"Conventional","6920-1"
"Conventional","19212-4"
"Conventional","5677-15"
"Conventional","9769-48"
"Conventional","11442-1"
"Conventional","15297-3"
"Conventional","19121-3"
"Conventional","24496-26"
"Conventional","20159-1"
"Conventional","9365-91"
"Conventional","5005-4"
"Conventional","15483-377"
"Conventional","6568-18"
"Conventional","9116-28"
"Conventional","12479-50"
"Conventional","7854-38"
"Conventional","13553-4"
"Conventional","20396-70"
"Conventional","2692-74"
"Conventional","21157-6"
"Conventional","20927-43"
"Conventional","24642-21"
"Conventional","3497-13"
"Conventional","9068-17"
"Conventional","18866-8"
"Conventional","15623-1"
"Conventional","9227-15"
"Conventional","10953-14"
"Conventional","4831-4"
"Conventional","19116-1"
"Conventional","3389-7"
"Conventional","24450-96"
"Conventional","10890-135"
"Conventional","5739-75"
"Conventional","7006-4"
"Conventional","9940-35"
"Conventional","7696-3"
"Conventional","3212-30"
"Conventional","19555-1"
"Conventional","24418-14"
"Conventional","20954-27"
"Conventional","17836-17"
"Conventional","11248-43"
"Conventional","6463-59"
"Conventional","23323-25"
"Conventional","7265-32"
"Conventional","15308-108"
"Conventional","11121-56"
"Conventional","24447-26"
"Conventional","22591-4"
"Conventional","15430-165"
"Conventional","2447-7"
"Conventional","13670-81"
"Conventional","9087-8"
"Conventional","22469-103"
"Conventional","21009-28"
"Conventional","10762-2"
"Conventional","10693-43"
"Conventional","7993-23"
"Conventional","10990-21"
"Conventional","6290-3"
"Conventional","5724-58"
"Conventional","20955-20"
"Conventional","5095-21"
"Conventional","9245-1"
"Conventional","22826-2"
"Conventional","21191-24"
"Conventional","18400-52"
"Conventional","21713-11"
"Conventional","8262-20"
"Conventional","4712-28"
"Conventional","18268-5"
"Conventional","18273-14"
"Conventional","22968-9"
"Conventional","20570-18"
"Conventional","19743-12"
"Conventional","5082-51"
"Conventional","24487-95"
"Conventional","23537-4"
"Conventional","19335-2"
"Conventional","7223-60"
"Conventional","22787-39"
"Conventional","9826-135"
"Conventional","6284-7"
"Conventional","25419-59"
"Conventional","23023-21"
"Conventional","17828-3"
"Conventional","9524-46"
"Conventional","24253-5"
"Conventional","22799-17"
"Conventional","9495-10"
"Conventional","2524-56"
"Conventional","5104-57"
"Conventional","8360-169"
"Conventional","21184-1"
"Conventional","2630-12"
"Conventional","14048-7"
"Conventional","7648-9"
"Conventional","9906-21"
"Conventional","2879-9"
"Conventional","17377-1"
"Conventional","9750-7"
"Conventional","14116-129"
"Conventional","17403-14"
"Conventional","15376-134"
"Conventional","16915-153"
"Conventional","5669-26"
"Conventional","23661-61"
"Conventional","10580-14"
"Conventional","3844-2"
"Conventional","12815-9"
"Conventional","8941-4"
"Conventional","17427-26"
"Conventional","11377-19"
"Conventional","23570-87"
"Conventional","5069-9"
"Conventional","17760-128"
"Conventional","6398-12"
"Conventional","23623-48"
"Conventional","21234-7"
"Conventional","18265-18"
"Conventional","12760-34"
"Conventional","3005-5"
"Conventional","11656-110"
"Conventional","15530-33"
"Conventional","3514-49"
"Conventional","13720-95"
"Conventional","2835-1"
"Conventional","15303-63"
"Conventional","20402-11"
"Conventional","20078-6"
"Conventional","14227-21"
"Conventional","13725-3"
"Conventional","4393-3"
"Conventional","21858-25"
"Conventional","21227-18"
"Conventional","18416-3"
"Conventional","19112-2"
"Conventional","11690-47"
"Conventional","12018-84"
"Conventional","11653-69"
"Conventional","3854-24"
"Conventional","8305-18"
"Conventional","19774-8"
"Conventional","10855-55"
"Conventional","9216-100"
"Conventional","9894-13"
"Conventional","18897-31"
"Conventional","4924-32"
"Conventional","9834-62"
"Conventional","25080-16"
"Conventional","19144-9"
"Conventional","5493-17"
"Conventional","25276-32"
"Conventional","7007-24"
"Conventional","23531-79"
"Conventional","13955-33"
"Conventional","15441-6"
"Conventional","22468-54"
"Conventional","7767-1"
"Conventional","11969-5"
"Conventional","6653-58"
"Conventional","8587-21"
"Conventional","23320-11"
"Conventional","22537-5"
"Conventional","24922-19"
"Conventional","18823-52"
"Conventional","21235-11"
"Conventional","11171-25"
"Conventional","11245-43"
"Conventional","20520-14"
"Conventional","22092-43"
"Conventional","21720-13"
"Conventional","17164-15"
"Conventional","10880-38"
"Conventional","5335-73"
"Conventional","17784-23"
"Conventional","10847-1"
"Conventional","19281-86"
"Conventional","3676-15"
"Conventional","16057-6"
"Conventional","5713-9"
"Conventional","5488-74"
"Conventional","15433-4"
"Conventional","7827-20"
"Conventional","24416-20"
"Conventional","18205-123"
"Conventional","22991-9"
"Conventional","25220-8"
"Conventional","7821-6"
"Conventional","3580-25"
"Conventional","14696-45"
"Conventional","3403-1"
"Conventional","21322-60"
"Conventional","25446-34"
"Conventional","16610-13"
"Conventional","22421-79"
"Conventional","8942-2"
"Conventional","18888-37"
"Conventional","7736-28"
"Conventional","13474-40"
"Conventional","8894-80"
"Conventional","4450-26"
"Conventional","8019-73"
"Conventional","4499-21"
"Conventional","6570-1"
"Conventional","12873-11"
"Conventional","9398-30"
"Conventional","5704-74"
"Conventional","12627-97"
"Conventional","13671-40"
"Conventional","22467-94"
"Conventional","8932-1"
"Conventional","6440-31"
"Conventional","24905-22"
"Conventional","21676-17"
"Conventional","15460-9"
"Conventional","18841-1"
"Conventional","3004-67"
"Conventional","5031-10"
"Conventional","9321-400"
"Conventional","13434-172"
"Conventional","24903-7"
"Conventional","12646-2"
"Conventional","6207-10"
"Conventional","15318-75"
"Conventional","2946-52"
"Conventional","13678-169"
"Conventional","23350-66"
"Conventional","24263-6"
"Conventional","6379-62"
"Conventional","18837-9"
"Conventional","23523-14"
"Conventional","21317-25"
"Conventional","24286-48"
"Conventional","11369-23"
"Conventional","22403-13"
"Conventional","12516-13"
"Conventional","18389-11"
"Conventional","22466-27"
"Conventional","7060-2"
"Conventional","10070-22"
"Conventional","24895-25"
"Conventional","13090-17"
"Conventional","19183-164"
"Conventional","16845-15"
"Conventional","20575-82"
"Conventional","7070-25"
"Conventional","18162-167"
"Conventional","25217-35"
"Conventional","12543-76"
"Conventional","9758-17"
"Conventional","21864-20"
"Conventional","5430-66"
"Conventional","9083-35"
"Conventional","13591-31"
"Conventional","20089-172"
"Conventional","21961-14"
"Conventional","8325-37"
"Conventional","13459-30"
"Conventional","3042-7"
"Conventional","12396-19"
"Conventional","9077-10"
"Conventional","18285-6"
"Conventional","23559-10"
"Conventional","9094-5"
"Conventional","6473-55"
"Conventional","12763-69"
"Conventional","17397-8"
"Conventional","17811-78"
"Conventional","10438-19"
"Conventional","21349-2"
"Conventional","21104-37"
"Conventional","20107-11"
"Conventional","13620-10"
"Conventional","6998-106"
"Conventional","21670-52"
"Conventional","21126-27"
"Conventional","3477-63"
"Conventional","22842-85"
"Conventional","13967-14"
"Conventional","19113-66"
"Conventional","7082-2"
"Conventional","22811-5"
"Conventional","16599-38"
"Conventional","23336-2"
"Conventional","9742-59"
"Conventional","18840-205"
"Conventional","21343-3"
"Conventional","20948-16"
"Conventional","22414-127"
"Conventional","2838-53"
"Conventional","18397-5"
"Conventional","22119-18"
"Conventional","20932-10"
"Conventional","13229-20"
"Conventional","13102-1"
"Conventional","7919-278"
"Conventional","22078-4"
"Conventional","10885-36"
"Conventional","6430-36"
"Conventional","19224-5"
"Conventional","8264-43"
"Conventional","5349-69"
"Conventional","12859-33"
"Conventional","25926-29"
"Conventional","5694-57"
"Conventional","13118-5"
"Conventional","4906-35"
"Conventional","20971-1"
"Conventional","4453-83"
"Conventional","11557-3"
"Conventional","3629-60"
"Conventional","16922-53"
"Conventional","7234-12"
"Conventional","24931-9"
"Conventional","17454-15"
"Conventional","23620-16"
"Conventional","13509-5"
"Conventional","10039-32"
"Conventional","15435-4"
"Conventional","15567-2"
"Conventional","24971-2"
"Conventional","15336-7"
"Conventional","6900-30"
"Conventional","23526-25"
"Conventional","7182-1"
"Conventional","15487-164"
"Conventional","18870-1"
"Conventional","8069-85"
"Conventional","21182-8"
"Conventional","21510-24"
"Conventional","22121-43"
"Conventional","9221-6"
"Conventional","2876-74"
"Conventional","15310-61"
"Conventional","11591-43"
"Conventional","12990-39"
"Conventional","4246-40"
"Conventional","5716-49"
"Conventional","10088-37"
"Conventional","7797-11"
"Conventional","8837-8"
"Conventional","12956-40"
"Conventional","18934-50"
"Conventional","20936-8"
"Conventional","19556-12"
"Conventional","18927-14"
"Conventional","15388-24"
"Conventional","8864-59"
"Conventional","13447-42"
"Conventional","15581-16"
"Conventional","13548-53"
"Conventional","8888-33"
"Conventional","23022-5"
"Conventional","16810-3"
"Conventional","8340-9"
"Conventional","5643-2"
"Conventional","10667-78"
"Conventional","23579-3"
"Conventional","8097-77"
"Conventional","6413-79"
"Conventional","11716-28"
"Conventional","24637-3"
"Conventional","12641-3"
"Conventional","9526-3"
"Conventional","12367-52"
"Conventional","25306-51"
"Conventional","4862-63"
"Conventional","23547-21"
"Conventional","19491-11"
"Conventional","20399-7"
"Conventional","11278-4"
"Conventional","15372-43"
"Conventional","10074-128"
"Conventional","24722-13"
"Conventional","8974-172"
"Conventional","4125-52"
"Conventional","25486-38"
"Conventional","21819-9"
"Conventional","5843-60"
"Conventional","2635-61"
"Conventional","6003-28"
"Conventional","15426-5"
"Conventional","16780-6"
"Conventional","6276-16"
"Conventional","6117-4"
"Conventional","11157-35"
"Conventional","14237-1"
"Conventional","18901-26"
"Conventional","10721-76"
"Conventional","10803-22"
"Conventional","6563-78"
"Conventional","10749-18"
"Conventional","7219-152"
"Conventional","4124-24"
"Conventional","12041-33"
"Conventional","13083-18"
"Conventional","7065-1"
"Conventional","8659-68"
"Conventional","6256-9"
"Conventional","11330-15"
"Conventional","14125-5"
"Conventional","10445-20"
"Conventional","21955-36"
"Conventional","2849-49"
"Conventional","3003-29"
"Conventional","9531-24"
"Conventional","8032-23"
"Conventional","5102-55"
"Conventional","2730-58"
"Conventional","21797-4"
"Conventional","7085-81"
"Conventional","5765-53"
"Conventional","22533-95"
"Conventional","15615-8"
"Conventional","11334-7"
"Conventional","11836-144"
"Conventional","4122-12"
"Conventional","25918-60"
"Conventional","22815-4"
"Conventional","21857-26"
"Conventional","19636-23"
"Conventional","9503-1"
"Conventional","15619-49"
"Conventional","10455-196"
"Conventional","23302-19"
"Conventional","11279-42"
"Conventional","22814-1"
"Conventional","24276-171"
"Conventional","8042-88"
"Conventional","22144-65"
"Conventional","25493-11"
"Conventional","13116-25"
"Conventional","9314-9"
"Conventional","6457-50"
"Conventional","8758-2"
"Conventional","7157-22"
"Conventional","3049-61"
"Conventional","24412-1"
"Conventional","20996-107"
"Conventional","25484-120"
"Conventional","23624-34"
"Conventional","18194-18"
"Conventional","25075-2"
"Conventional","16304-6"
"Conventional","21861-8"
"Conventional","6234-74"
"Conventional","5178-5"
"Conventional","17856-23"
"Conventional","18893-26"
"Conventional","2567-5"
"Conventional","22486-58"
"Conventional","13532-25"
"Conventional","19188-21"
"Conventional","11709-29"
"Conventional","7842-52"
"Conventional","9187-2"
"Conventional","4237-70"
"Conventional","10603-1"
"Conventional","9578-263"
"Conventional","14070-56"
"Conventional","2746-56"
"Conventional","13694-24"
"Conventional","9207-60"
"Conventional","23342-4"
"Conventional","11571-75"
"Conventional","7795-14"
"Conventional","6911-103"
"Conventional","6411-58"
"Conventional","9332-6"
"Conventional","4545-53"
"Conventional","19579-5"
"Conventional","9250-87"
"Conventional","20110-25"
"Conventional","15444-45"
"Conventional","15417-3"
"Conventional","6424-2"
"Conventional","4915-64"
"Conventional","8980-19"
"Conventional","21796-43"
"Conventional","17319-1"
"Conventional","12477-42"
"Conventional","11179-7"
"Conventional","14615-46"
"Conventional","24430-11"
"Conventional","5758-49"
"Conventional","21793-4"
"Conventional","6553-68"
"Conventional","19311-15"
"Conventional","18275-5"
"Conventional","8775-61"
"Conventional","18276-34"
"Conventional","10531-18"
"Conventional","21380-77"
"Conventional","9543-131"
"Conventional","15413-3"
"Conventional","6464-40"
"Conventional","3315-15"
"Conventional","17348-5"
"Conventional","12587-65"
"Conventional","18220-141"
"Conventional","21536-65"
"Conventional","25917-12"
"Conventional","13944-3"
"Conventional","10551-7"
"Conventional","23677-30"
"Conventional","11387-3"
"Conventional","7066-199"
"Conventional","5013-2"
"Conventional","12787-47"
"Conventional","3056-11"
"Conventional","14095-1"
"Conventional","17772-7"
"Conventional","24299-1"
"Conventional","13477-65"
"Conventional","20923-10"
"Conventional","2192-63"
"Conventional","12439-67"
"Conventional","7136-107"
"Conventional","12498-12"
"Conventional","12714-38"
"Conventional","13554-78"
"Conventional","14129-1"
"Conventional","11602-12"
"Conventional","5346-24"
"Conventional","22779-75"
"Conventional","25038-5"
"Conventional","19250-50"
"Conventional","9070-1"
"Conventional","17746-77"
"Conventional","4874-3"
"Conventional","6390-18"
"Conventional","22490-16"
"Conventional","18417-3"
"Conventional","10624-45"
"Conventional","17852-5"
"Conventional","23569-53"
"Conventional","13374-4"
"Conventional","11220-53"
"Conventional","12916-3"
"Conventional","19374-72"
"Conventional","22844-4"
"Conventional","24319-19"
"Conventional","10702-1"
"Conventional","21217-20"
"Conventional","21658-15"
"Conventional","13468-5"
"Conventional","18435-40"
"Conventional","19366-8"
"Conventional","19286-30"
"Conventional","23639-93"
"Conventional","11144-10"
"Conventional","8391-12"
"Conventional","24290-5"
"Conventional","13421-17"
"Conventional","19277-4"
"Conventional","11107-25"
"Conventional","6357-83"
"Conventional","5609-92"
"Conventional","24423-9"
"Conventional","10827-67"
"Conventional","17335-18"
"Conventional","22963-3"
"Conventional","15545-13"
"Conventional","6444-15"
"Conventional","10076-1"
"Conventional","19560-23"
"Conventional","20133-1"
"Conventional","12576-21"
"Conventional","5651-50"
"Conventional","8997-4"
"Conventional","15511-37"
"Conventional","17152-10"
"Conventional","7967-38"
"Conventional","6992-67"
"Conventional","7810-20"
"Conventional","20385-21"
"Conventional","13452-113"
"Conventional","9475-22"
"Conventional","9030-56"
"Conventional","23335-31"
"Conventional","4146-58"
"Conventional","19799-2"
"Conventional","3506-49"
"Conventional","3505-6"
"Conventional","4703-87"
"Conventional","23252-4"
"Conventional","7180-114"
"Conventional","9823-2"
"Conventional","22572-19"
"Conventional","7962-11"
"Conventional","13439-6"
"Conventional","10075-75"
"Conventional","19341-36"
"Conventional","23424-4"
"Conventional","21913-5"
"Conventional","15631-18"
"Conventional","12378-71"
"Conventional","12488-9"
"Conventional","22124-94"
"Conventional","5936-53"
"Conventional","5692-79"
"Conventional","19303-64"
"Conventional","15591-28"
"Conventional","8383-20"
"Conventional","6350-43"
"Conventional","9955-40"
"Conventional","7742-11"
"Conventional","3685-53"
"Conventional","14603-51"
"Conventional","8242-9"
"Conventional","25413-80"
"Conventional","20068-61"
"Conventional","15405-23"
"Conventional","7268-12"
"Conventional","15542-19"
"Conventional","8065-245"
"Conventional","7757-5"
"Conventional","7918-114"
"Conventional","8897-3"
"Conventional","11212-7"
"Conventional","23385-18"
"Conventional","23660-112"
"Conventional","5909-51"
"Conventional","13930-3"
"Conventional","20539-4"
"Conventional","7989-5"
"Conventional","5023-23"
"Conventional","8299-66"
"Conventional","15614-168"
"Conventional","10439-57"
"Conventional","15556-49"
"Conventional","18942-11"
"Conventional","7859-21"
"Conventional","23575-58"
"Conventional","21638-5"
"Conventional","5096-51"
"Conventional","2704-74"
"Conventional","16605-2"
"Conventional","6019-12"
"Conventional","23411-108"
"Conventional","7983-1"
"Conventional","13519-112"
"Conventional","8221-19"
"Conventional","5356-2"
"Conventional","25433-25"
"Conventional","21124-17"
"Conventional","5810-25"
"Conventional","17771-35"
"Conventional","3897-61"
"Conventional","11539-4"
"Conventional","17702-53"
"Conventional","9202-309"
"Conventional","25488-6"
"Conventional","10024-44"
"Conventional","23617-15"
"Conventional","6405-74"
"Conventional","5747-67"
"Conventional","11067-13"
"Conventional","8899-75"
"Conventional","18343-10"
"Conventional","3489-9"
"Conventional","18859-7"
"Conventional","7846-44"
"Conventional","5649-83"
"Conventional","9361-7"
"Conventional","20557-19"
"Conventional","8927-6"
"Conventional","22485-1"
"Conventional","2614-28"
"Conventional","14050-61"
"Conventional","21241-1"
"Conventional","18917-53"
"Conventional","5070-76"
"Conventional","13412-5"
"Conventional","2631-50"
"Conventional","4129-72"
"Conventional","4249-64"
"Conventional","17153-46"
"Conventional","12446-49"
"Conventional","17138-8"
"Conventional","3343-1"
"Conventional","17161-1"
"Conventional","23334-21"
"Conventional","23326-10"
"Conventional","24479-25"
"Conventional","21122-3"
"Conventional","6469-62"
"Conventional","13403-5"
"Conventional","15468-14"
"Conventional","5982-50"
"Conventional","8956-96"
"Conventional","9925-56"
"Conventional","10902-53"
"Conventional","2182-54"
"Conventional","18821-9"
"Conventional","4481-34"
"Conventional","17137-160"
"Conventional","10000-28"
"Conventional","22504-3"
"Conventional","18874-66"
"Conventional","23396-21"
"Conventional","5723-4"
"Conventional","15525-294"
"Conventional","7193-98"
"Conventional","20434-23"
"Conventional","5715-4"
"Conventional","10731-10"
"Conventional","19488-1"
"Conventional","21592-8"
"Conventional","24437-6"
"Conventional","23522-1"
"Conventional","11270-17"
"Conventional","19819-7"
"Conventional","19381-7"
"Conventional","6938-21"
"Conventional","8088-56"
"Conventional","6321-65"
"Conventional","3381-24"
"Conventional","3453-87"
"Conventional","11872-9"
"Conventional","5125-6"
"Conventional","8248-222"
"Conventional","22577-24"
"Conventional","21341-19"
"Conventional","10037-98"
"Conventional","8352-26"
"Conventional","18240-6"
"Conventional","4883-56"
"Conventional","24111-10"
"Conventional","21001-393"
"Conventional","18207-6"
"Conventional","8079-39"
"Conventional","18190-15"
"Conventional","23398-1"
"Conventional","6527-1"
"Conventional","14104-1"
"Conventional","9264-11"
"Conventional","11567-23"
"Conventional","23578-6"
"Conventional","11530-37"
"Conventional","22063-20"
"Conventional","13691-10"
"Conventional","20464-7"
"Conventional","12766-33"
"Conventional","7905-30"
"Conventional","3054-3"
"Conventional","20443-37"
"Conventional","20965-18"
"Conventional","21153-5"
"Conventional","5644-60"
"Conventional","8462-18"
"Conventional","13595-20"
"Conventional","22561-3"
"Conventional","7976-19"
"Conventional","2637-77"
"Conventional","8889-5"
"Conventional","2695-25"
"Conventional","10054-3"
"Conventional","23339-46"
"Conventional","2687-2"
"Conventional","4496-60"
"Conventional","5496-49"
"Conventional","4297-62"
"Conventional","23278-13"
"Conventional","23536-14"
"Conventional","13609-11"
"Conventional","13924-13"
"Conventional","9055-81"
"Conventional","9964-10"
"Conventional","10620-21"
"Conventional","4880-21"
"Conventional","8102-239"
"Conventional","11493-169"
"Conventional","21742-43"
"Conventional","18290-6"
"Conventional","22809-32"
"Conventional","11682-7"
"Conventional","25091-83"
"Conventional","23406-3"
"Conventional","6957-14"
"Conventional","15471-29"
"Conventional","16749-79"
"Conventional","6517-14"
"Conventional","6633-43"
"Conventional","11231-12"
"Conventional","13053-6"
"Conventional","22118-7"
"Conventional","24667-27"
"Conventional","24473-11"
"Conventional","24713-4"
"Conventional","24696-14"
"Conventional","21976-4"
"Conventional","12531-5"
"Conventional","14633-26"
"Conventional","24465-28"
"Conventional","24674-22"
"Conventional","23016-24"
"Conventional","16865-62"
"Conventional","14268-4"
"Conventional","5480-49"
"Conventional","2523-31"
"Conventional","11173-29"
"Conventional","12796-44"
"Conventional","21895-36"
"Conventional","21545-51"
"Conventional","7997-118"
"Conventional","14008-22"
"Conventional","10453-7"
"Conventional","18261-34"
"Conventional","11657-86"
"Conventional","2913-1"
"Conventional","3028-36"
"Conventional","4913-78"
"Conventional","3044-3"
"Conventional","25910-1"
"Conventional","14146-92"
"Conventional","3509-1"
"Conventional","14109-15"
"Conventional","18289-16"
"Conventional","5034-79"
"Conventional","2781-63"
"Conventional","2783-18"
"Conventional","22795-17"
"Conventional","18232-42"
"Conventional","23006-19"
"Conventional","2900-53"
"Conventional","12409-90"
"Conventional","10082-251"
"Conventional","3040-59"
"Conventional","18339-207"
"Conventional","8545-14"
"Conventional","6571-75"
"Conventional","23317-10"
"Conventional","21319-196"
"Conventional","23967-8"
"Heart","6543-182"
"Heart","20998-19"
"Heart","11202-70"
"Heart","19296-51"
"Heart","5315-22"
"Heart","16751-15"
"Heart","3723-1"
"Heart","7655-11"
"Heart","5930-54"
"Heart","5441-67"
"Heart","21579-35"
"Heart","11164-7"
"Heart","21985-61"
"Heart","11324-3"
"Heart","15361-37"
"Heart","10398-110"
"Heart","18376-19"
"Heart","3587-53"
"Heart","5443-62"
"Heart","20107-11"
"Heart","22779-75"
"Heart","13924-13"
"Heart","9055-81"
"Heart","9964-10"
"Lung","9032-30"
"Lung","4414-69"
"Lung","19590-46"
"Lung","5462-62"
"Lung","14077-6"
"Lung","7813-6"
"Lung","4697-59"
"Lung","10672-75"
"Lung","17454-15"
"Lung","4125-52"
"Lung","3044-3"
"Kidney","13498-1"
"Kidney","12904-180"
"Kidney","25501-128"
"Kidney","9021-1"
"Kidney","15384-15"
"Kidney","25209-15"
"Kidney","3396-54"
"Kidney","19492-5"
"Kidney","10087-10"
"Kidney","13470-43"
"Kidney","9568-289"
"Kidney","9778-45"
"Kidney","9451-20"
"Kidney","7243-8"
"Kidney","14127-240"
"Kidney","7782-34"
"Kidney","8032-23"
"Kidney","14129-1"
"Kidney","7180-114"
"Artery","14747-9"
"Artery","2607-54"
"Artery","20512-2"
"Artery","8043-153"
"Artery","17224-12"
"Artery","6520-87"
"Artery","21521-17"
"Artery","10889-2"
"Artery","4455-89"
"Artery","16850-5"
"Artery","4807-13"
"Artery","3280-49"
"Artery","21357-12"
"Artery","2841-13"
"Artery","13740-51"
"Artery","8304-50"
"Artery","13101-60"
"Artery","5729-27"
"Artery","3284-75"
"Artery","13690-26"
"Artery","3339-33"
"Artery","14111-15"
"Brain","12669-30"
"Brain","9337-43"
"Brain","7933-75"
"Brain","3198-4"
"Brain","6267-51"
"Brain","2974-61"
"Brain","24695-8"
"Brain","5105-2"
"Brain","20529-7"
"Brain","8859-51"
"Brain","9872-23"
"Brain","3808-76"
"Brain","21328-2"
"Brain","24462-4"
"Brain","3350-53"
"Brain","6586-19"
"Brain","6274-15"
"Brain","24468-36"
"Brain","4123-60"
"Brain","22566-53"
"Brain","7959-34"
"Brain","24407-31"
"Brain","18945-11"
"Brain","9974-8"
"Brain","20175-17"
"Brain","5635-66"
"Brain","16300-4"
"Brain","11851-21"
"Brain","6966-144"
"Brain","19563-3"
"Brain","20448-7"
"Brain","18316-75"
"Brain","7104-71"
"Brain","22817-126"
"Brain","23689-52"
"Brain","24456-3"
"Brain","15412-40"
"Brain","15504-39"
"Brain","17343-6"
"Brain","19638-9"
"Brain","3388-58"
"Brain","8257-71"
"Brain","8356-88"
"Brain","21679-16"
"Brain","9313-27"
"Brain","10900-272"
"Brain","17816-58"
"Brain","25416-5"
"Brain","23695-1"
"Brain","7210-25"
"Brain","10939-16"
"Brain","13539-131"
"Brain","20579-50"
"Brain","9959-60"
"Brain","20191-13"
"Brain","24435-1"
"Brain","12499-108"
"Brain","20139-57"
"Brain","7785-1"
"Brain","2514-65"
"Brain","15418-25"
"Brain","7968-15"
"Brain","21770-18"
"Brain","8876-51"
"Brain","11145-72"
"Brain","10339-48"
"Brain","11083-23"
"Brain","16900-29"
"Brain","3486-58"
"Brain","7975-97"
"Brain","13986-6"
"Brain","22123-15"
"Brain","11302-237"
"Brain","15668-19"
"Brain","17855-28"
"Brain","23020-18"
"Brain","11143-32"
"Brain","10643-16"
"Brain","11568-2"
"Brain","5714-88"
"Brain","6214-84"
"Brain","22588-35"
"Brain","9971-5"
"Brain","23345-2"
"Brain","21667-57"
"Brain","24013-6"
"Brain","12676-1"
"Brain","12655-30"
"Brain","5476-66"
"Brain","16908-5"
"Brain","13375-48"
"Brain","21771-47"
"Brain","22430-15"
"Brain","11280-6"
"Brain","24946-9"
"Brain","12853-112"
"Brain","7218-87"
"Brain","15573-110"
"Brain","8357-43"
"Brain","5703-26"
"Brain","23162-36"
"Brain","8306-54"
"Brain","9008-6"
"Brain","3034-1"
"Brain","20126-19"
"Brain","8070-88"
"Brain","13105-7"
"Brain","3461-58"
"Brain","17355-56"
"Brain","21359-17"
"Brain","14291-53"
"Brain","8976-13"
"Brain","11666-72"
"Brain","6280-11"
"Brain","9059-14"
"Brain","12895-28"
"Brain","23425-19"
"Brain","13948-50"
"Brain","9930-48"
"Brain","15404-3"
"Brain","13473-55"
"Brain","4903-72"
"Brain","9599-6"
"Brain","14114-18"
"Brain","8890-9"
"Brain","24651-1"
"Brain","12936-38"
"Brain","4594-22"
"Brain","8450-36"
"Brain","8285-64"
"Brain","8446-4"
"Brain","21887-2"
"Brain","7257-18"
"Brain","6478-2"
"Brain","9577-26"
"Brain","15670-15"
"Brain","6423-66"
"Brain","10908-2"
"Brain","17775-8"
"Brain","3806-55"
"Brain","11168-3"
"Brain","5834-18"
"Brain","15321-8"
"Brain","9118-7"
"Brain","6904-14"
"Brain","5614-44"
"Brain","19637-9"
"Brain","15422-12"
"Brain","4866-59"
"Brain","9369-174"
"Brain","4557-61"
"Brain","8353-15"
"Brain","7870-8"
"Brain","5456-59"
"Brain","19620-16"
"Brain","20993-13"
"Brain","13416-8"
"Brain","11487-4"
"Brain","5490-53"
"Brain","18904-23"
"Brain","10760-107"
"Brain","3209-69"
"Brain","6361-49"
"Brain","9296-15"
"Brain","13613-23"
"Brain","20564-53"
"Brain","9089-77"
"Brain","18303-39"
"Brain","13540-1"
"Brain","14271-23"
"Brain","13666-222"
"Brain","3289-19"
"Brain","9044-1"
"Brain","2848-2"
"Brain","16070-7"
"Brain","14035-13"
"Brain","7200-4"
"Brain","12683-156"
"Brain","13561-5"
"Brain","3494-71"
"Brain","10615-18"
"Brain","12880-1"
"Brain","14616-16"
"Brain","13256-21"
"Brain","13240-170"
"Brain","3630-27"
"Brain","18833-76"
"Brain","19360-22"
"Brain","4452-9"
"Brain","12834-3"
"Brain","13522-20"
"Brain","20197-14"
"Brain","7826-1"
"Brain","15579-26"
"Brain","5743-82"
"Brain","20544-103"
"Brain","12774-12"
"Brain","11670-18"
"Brain","11371-1"
"Brain","23528-199"
"Brain","8810-26"
"Brain","22521-13"
"Brain","8034-6"
"Brain","24179-48"
"Brain","21707-15"
"Brain","8906-60"
"Brain","5639-49"
"Brain","15298-199"
"Brain","8002-27"
"Brain","21687-3"
"Brain","2760-2"
"Brain","13525-17"
"Brain","8003-57"
"Brain","24434-16"
"Brain","24449-11"
"Brain","7099-33"
"Brain","18332-17"
"Brain","20522-2"
"Brain","6620-82"
"Brain","21940-12"
"Brain","21495-134"
"Brain","5659-11"
"Brain","8220-15"
"Brain","9256-78"
"Brain","23299-52"
"Brain","24236-46"
"Brain","6371-50"
"Brain","11363-58"
"Brain","15325-14"
"Brain","25964-12"
"Brain","21567-214"
"Brain","23200-25"
"Brain","12860-7"
"Brain","6609-22"
"Brain","7995-16"
"Brain","23228-2"
"Brain","6965-19"
"Brain","9386-42"
"Brain","16907-3"
"Brain","8908-14"
"Brain","8756-41"
"Brain","8646-61"
"Brain","6572-10"
"Brain","13563-259"
"Brain","25285-14"
"Brain","6369-82"
"Brain","10743-13"
"Brain","15539-15"
"Brain","4991-12"
"Brain","18947-3"
"Brain","8971-9"
"Brain","22579-93"
"Brain","5110-84"
"Brain","21588-4"
"Brain","24661-4"
"Brain","9076-25"
"Brain","21711-86"
"Brain","13650-11"
"Brain","11130-158"
"Brain","8998-15"
"Brain","19370-30"
"Brain","6612-90"
"Brain","22152-162"
"Brain","12538-19"
"Brain","10933-107"
"Brain","15622-13"
"Brain","3634-5"
"Brain","3296-92"
"Brain","25257-162"
"Brain","14614-41"
"Brain","20524-38"
"Brain","10981-56"
"Brain","11116-16"
"Brain","13529-39"
"Brain","7894-155"
"Brain","6918-183"
"Brain","6455-52"
"Brain","14341-8"
"Brain","12479-50"
"Brain","10890-135"
"Brain","24418-14"
"Brain","7265-32"
"Brain","21713-11"
"Brain","8262-20"
"Brain","4712-28"
"Brain","9906-21"
"Brain","23320-11"
"Brain","10880-38"
"Brain","17784-23"
"Brain","7736-28"
"Brain","6430-36"
"Brain","5643-2"
"Brain","9503-1"
"Brain","15619-49"
"Brain","8997-4"
"Brain","15511-37"
"Brain","23424-4"
"Brain","8242-9"
"Brain","15542-19"
"Brain","23411-108"
"Brain","3897-61"
"Brain","3489-9"
"Brain","7846-44"
"Brain","20434-23"
"Brain","10731-10"
"Brain","6527-1"
"Brain","14104-1"
"Brain","10082-251"
"Adipose","6578-29"
"Adipose","24221-3"
"Adipose","9851-9"
"Adipose","15386-7"
"Adipose","8484-24"
"Adipose","2575-5"
"Adipose","18830-1"
"Adipose","3554-24"
"Liver","4261-55"
"Liver","25288-16"
"Liver","15431-31"
"Liver","4482-66"
"Liver","4127-75"
"Liver","17453-34"
"Liver","4811-33"
"Liver","7955-195"
"Liver","3184-25"
"Liver","6035-2"
"Liver","18196-8"
"Liver","4763-31"
"Liver","3518-54"
"Liver","15584-9"
"Liver","22972-26"
"Liver","3148-49"
"Liver","5792-8"
"Liver","2797-56"
"Liver","5223-59"
"Liver","2190-55"
"Liver","3367-8"
"Liver","5947-90"
"Liver","8059-1"
"Liver","8935-22"
"Liver","8288-27"
"Liver","21769-10"
"Liver","6605-17"
"Liver","3316-58"
"Liver","22091-14"
"Liver","22405-61"
"Liver","17768-50"
"Liver","4876-32"
"Liver","5307-12"
"Liver","21346-71"
"Liver","5581-28"
"Liver","3030-3"
"Liver","3504-58"
"Liver","11537-12"
"Liver","2381-52"
"Liver","2851-63"
"Liver","15453-3"
"Liver","13125-45"
"Liver","8280-238"
"Liver","8385-248"
"Liver","3617-80"
"Liver","2768-56"
"Liver","14073-31"
"Liver","15347-12"
"Liver","11318-20"
"Liver","15363-32"
"Liver","6461-54"
"Liver","3060-43"
"Liver","13722-105"
"Liver","15343-337"
"Liver","19631-13"
"Liver","7784-1"
"Liver","4918-21"
"Liver","4996-66"
"Liver","9832-33"
"Liver","17776-15"
"Liver","2961-1"
"Liver","3758-68"
"Liver","3758-63"
"Liver","25049-8"
"Liver","24293-39"
"Liver","21599-6"
"Liver","16836-1"
"Liver","25466-84"
"Liver","21967-20"
"Liver","3344-60"
"Liver","2750-3"
"Liver","7142-5"
"Liver","16561-9"
"Liver","4150-75"
"Liver","3710-49"
"Liver","4151-6"
"Liver","18398-1"
"Liver","2706-69"
"Liver","9449-150"
"Liver","7155-46"
"Liver","18182-24"
"Liver","11241-8"
"Liver","3074-6"
"Liver","7183-102"
"Liver","15364-101"
"Liver","14636-25"
"Liver","4337-49"
"Liver","2474-54"
"Liver","10391-1"
"Liver","10382-1"
"Liver","13704-5"
"Liver","18832-65"
"Liver","6471-53"
"Liver","7885-17"
"Liver","3666-17"
"Liver","16055-3"
"Liver","3484-60"
"Liver","21118-48"
"Liver","7831-39"
"Liver","15633-6"
"Liver","9380-2"
"Liver","6296-36"
"Liver","12881-17"
"Liver","6583-67"
"Liver","13119-26"
"Liver","9045-3"
"Liver","5452-71"
"Liver","16927-9"
"Liver","5658-64"
"Liver","11203-97"
"Liver","15607-56"
"Liver","3581-53"
"Liver","10966-1"
"Liver","15589-1"
"Liver","5970-61"
"Liver","16763-11"
"Liver","2771-35"
"Liver","13741-36"
"Liver","20165-4"
"Liver","12423-38"
"Liver","20067-26"
"Liver","15516-12"
"Liver","21247-16"
"Liver","9326-33"
"Liver","9880-33"
"Liver","22505-24"
"Liver","25277-51"
"Liver","24307-22"
"Liver","17509-6"
"Liver","11264-33"
"Liver","7127-3"
"Liver","7879-12"
"Liver","2943-5"
"Liver","5601-2"
"Liver","11247-20"
"Liver","9474-22"
"Liver","7145-1"
"Liver","5861-78"
"Liver","18380-78"
"Liver","4152-58"
"Liver","5708-1"
"Liver","7206-20"
"Liver","3000-66"
"Liver","25464-1"
"Liver","3186-2"
"Liver","16015-19"
"Liver","3709-4"
"Liver","3024-18"
"Liver","23771-17"
"Liver","22365-52"
"Liver","17758-79"
"Liver","4785-30"
"Liver","4989-7"
"Liver","4907-56"
"Liver","2796-62"
"Liver","18890-227"
"Liver","24662-78"
"Liver","24646-47"
"Liver","23601-43"
"Liver","18206-18"
"Liver","15515-2"
"Liver","4336-2"
"Liver","4407-10"
"Liver","13990-1"
"Liver","8791-151"
"Liver","18814-21"
"Liver","15686-49"
"Liver","6408-2"
"Liver","12370-30"
"Liver","14708-59"
"Liver","6415-90"
"Liver","23652-15"
"Liver","5316-54"
"Liver","4157-2"
"Liver","6558-5"
"Liver","10663-42"
"Liver","9002-36"
"Liver","11239-49"
"Liver","17396-23"
"Liver","17403-14"
"Liver","25080-16"
"Liver","3580-25"
"Liver","8325-37"
"Liver","18397-5"
"Liver","22078-4"
"Liver","7182-1"
"Liver","15487-164"
"Liver","14125-5"
"Liver","10445-20"
"Liver","25484-120"
"Liver","4874-3"
"Liver","6350-43"
"Liver","17702-53"
"Liver","18343-10"
"Liver","4129-72"
"Liver","15468-14"
"Liver","5982-50"
"Liver","7905-30"
"Liver","3054-3"
"Liver","4880-21"
"Liver","4913-78"
"Muscle","16814-13"
"Muscle","3817-18"
"Muscle","25088-42"
"Muscle","6525-17"
"Muscle","9173-21"
"Muscle","25096-58"
"Muscle","9933-49"
"Muscle","6940-18"
"Muscle","2670-67"
"Muscle","3714-49"
"Muscle","22387-26"
"Muscle","16616-137"
"Muscle","4130-71"
"Muscle","13076-4"
"Muscle","15315-64"
"Muscle","23293-15"
"Muscle","16807-35"
"Muscle","5440-26"
"Muscle","9867-23"
"Muscle","25065-22"
"Muscle","9901-28"
"Muscle","9574-11"
"Muscle","13639-101"
"Muscle","11263-57"
"Muscle","9890-8"
"Muscle","12372-50"
"Muscle","17832-12"
"Muscle","22527-4"
"Muscle","11352-42"
"Muscle","24256-7"
"Muscle","3799-11"
"Muscle","24320-3"
"Muscle","22071-38"
"Muscle","10058-1"
"Muscle","21112-6"
"Muscle","23589-21"
"Muscle","13998-26"
"Muscle","5005-4"
"Muscle","23323-25"
"Muscle","7648-9"
"Muscle","23660-112"
"Muscle","5023-23"
"Muscle","18207-6"
"Pancreas","7717-95"
"Pancreas","18864-7"
"Pancreas","3479-71"
"Pancreas","19760-26"
"Pancreas","23981-172"
"Pancreas","4588-1"
"Pancreas","7117-21"
"Pancreas","4891-50"
"Pancreas","13095-51"
"Pancreas","19639-53"
"Pancreas","7083-74"
"Pancreas","16609-106"
"Pancreas","7958-15"
"Pancreas","9576-58"
"Pancreas","5749-53"
"Pancreas","7943-16"
"Pancreas","9333-59"
"Pancreas","7140-1"
"Pancreas","3620-67"
"Pancreas","9603-9"
"Pancreas","15476-6"
"Pancreas","9352-86"
"Pancreas","6395-58"
"Pancreas","15375-49"
"Pancreas","6356-3"
"Pancreas","9276-7"
"Pancreas","5626-20"
"Pancreas","8243-55"
"Pancreas","5671-1"
"Pancreas","5648-28"
"Pancreas","4910-21"
"Pancreas","23018-4"
"Pancreas","5693-6"
"Pancreas","16770-3"
"Pancreas","15613-16"
"Pancreas","6627-25"
"Pancreas","7767-1"
"Pancreas","9526-3"
"Pancreas","3049-61"
"Pancreas","6357-83"
"Pancreas","7918-114"
"Pancreas","10439-57"
"Pancreas","15556-49"
"Pancreas","18917-53"
"Pancreas","4883-56"
"Pancreas","6957-14"
"Pancreas","15471-29"
"Pancreas","5034-79"
"Immune","3810-50"
"Immune","2580-83"
"Immune","21903-6"
"Immune","11617-1"
"Immune","19574-5"
"Immune","8488-33"
"Immune","3739-72"
"Immune","7204-1"
"Immune","6351-55"
"Immune","3329-14"
"Immune","14064-21"
"Immune","19202-10"
"Immune","3416-2"
"Immune","2652-15"
"Immune","25880-14"
"Immune","22033-32"
"Immune","22033-7"
"Immune","11138-16"
"Immune","14090-23"
"Immune","16913-8"
"Immune","3152-57"
"Immune","8368-102"
"Immune","2598-9"
"Immune","14025-18"
"Immune","5115-31"
"Immune","14112-40"
"Immune","8098-37"
"Immune","18877-15"
"Immune","22783-40"
"Immune","21569-49"
"Immune","3293-2"
"Immune","2649-77"
"Immune","13976-9"
"Immune","21949-4"
"Immune","14038-130"
"Immune","3302-58"
"Immune","8359-149"
"Immune","8399-6"
"Immune","22961-7"
"Immune","3613-62"
"Immune","15582-25"
"Immune","6402-8"
"Immune","10816-150"
"Immune","8825-4"
"Immune","7965-25"
"Immune","18198-51"
"Immune","5613-75"
"Immune","7131-8"
"Immune","21208-163"
"Immune","24942-22"
"Immune","22432-83"
"Immune","13706-12"
"Immune","2632-5"
"Immune","14063-17"
"Immune","12746-4"
"Immune","17398-55"
"Immune","5265-12"
"Immune","16074-12"
"Immune","10512-13"
"Immune","11137-43"
"Immune","9343-16"
"Immune","3373-5"
"Immune","4133-54"
"Immune","14041-13"
"Immune","11441-11"
"Immune","17210-2"
"Immune","2579-17"
"Immune","22847-18"
"Immune","9583-17"
"Immune","6247-9"
"Immune","3374-49"
"Immune","4126-22"
"Immune","3059-50"
"Immune","11328-9"
"Immune","4905-63"
"Immune","21108-5"
"Immune","18202-22"
"Immune","3046-31"
"Immune","3291-30"
"Immune","5090-49"
"Immune","21706-29"
"Immune","11094-104"
"Immune","20533-39"
"Immune","10851-77"
"Immune","2829-19"
"Immune","14108-15"
"Immune","21925-15"
"Immune","2333-72"
"Immune","10910-6"
"Immune","3166-92"
"Immune","22445-2"
"Immune","5011-11"
"Immune","5229-90"
"Immune","3421-54"
"Immune","11531-24"
"Immune","14123-34"
"Immune","23553-1"
"Immune","5663-18"
"Immune","4535-50"
"Immune","15495-9"
"Immune","5624-66"
"Immune","14065-11"
"Immune","5596-75"
"Immune","11266-8"
"Immune","21540-73"
"Immune","9846-32"
"Immune","2989-17"
"Immune","15346-31"
"Immune","4318-12"
"Immune","8853-2"
"Immune","5007-1"
"Immune","5736-1"
"Immune","7012-35"
"Immune","15480-2"
"Immune","9545-156"
"Immune","3889-64"
"Immune","7038-45"
"Immune","25041-11"
"Immune","3837-6"
"Immune","13612-7"
"Immune","12594-5"
"Immune","16831-7"
"Immune","14102-6"
"Immune","3195-50"
"Immune","14133-93"
"Immune","5666-64"
"Immune","2993-1"
"Immune","10457-3"
"Immune","7875-86"
"Immune","10047-12"
"Immune","3292-75"
"Immune","15570-99"
"Immune","3052-8"
"Immune","12329-21"
"Immune","9172-69"
"Immune","2954-56"
"Immune","17778-19"
"Immune","2719-3"
"Immune","6315-58"
"Immune","5063-12"
"Immune","3324-51"
"Immune","15522-2"
"Immune","19251-56"
"Immune","18881-7"
"Immune","5036-50"
"Immune","22831-11"
"Immune","18873-8"
"Immune","9266-1"
"Immune","3495-15"
"Immune","17462-19"
"Immune","10351-51"
"Immune","17200-50"
"Immune","3037-62"
"Immune","9762-14"
"Immune","2960-66"
"Immune","4546-27"
"Immune","18950-13"
"Immune","3007-7"
"Immune","12689-56"
"Immune","21533-51"
"Immune","13062-4"
"Immune","22015-2"
"Immune","24975-3"
"Immune","3600-2"
"Immune","25904-17"
"Immune","25941-4"
"Immune","19496-1"
"Immune","3399-31"
"Immune","4564-2"
"Immune","9749-190"
"Immune","17231-1"
"Immune","20991-2"
"Immune","7009-6"
"Immune","7009-8"
"Immune","17327-3"
"Immune","3835-11"
"Immune","19168-71"
"Immune","3413-50"
"Immune","9049-2"
"Immune","13093-6"
"Immune","5275-28"
"Immune","22037-47"
"Immune","17490-4"
"Immune","6896-3"
"Immune","15617-8"
"Immune","3309-2"
"Immune","6103-70"
"Immune","9368-64"
"Immune","13712-104"
"Immune","3440-7"
"Immune","24318-13"
"Immune","2634-2"
"Immune","14246-50"
"Immune","19578-19"
"Immune","12599-10"
"Immune","7756-37"
"Immune","5098-79"
"Immune","3312-64"
"Immune","13982-33"
"Immune","21440-9"
"Immune","12433-8"
"Immune","19176-27"
"Immune","5992-50"
"Immune","15462-28"
"Immune","21692-12"
"Immune","21196-29"
"Immune","19227-18"
"Immune","3487-32"
"Immune","13701-2"
"Immune","9015-1"
"Immune","17766-5"
"Immune","18336-31"
"Immune","8818-13"
"Immune","9180-6"
"Immune","9305-89"
"Immune","2753-2"
"Immune","14100-63"
"Immune","21237-24"
"Immune","12750-9"
"Immune","23702-98"
"Immune","5094-62"
"Immune","8232-90"
"Immune","4440-15"
"Immune","19518-12"
"Immune","11147-17"
"Immune","9329-28"
"Immune","10510-62"
"Immune","16926-44"
"Immune","3311-27"
"Immune","3181-50"
"Immune","9773-15"
"Immune","11333-82"
"Immune","5852-6"
"Immune","10754-113"
"Immune","20076-7"
"Immune","16765-52"
"Immune","2790-54"
"Immune","4544-4"
"Immune","17165-1"
"Immune","2697-7"
"Immune","2985-35"
"Immune","4306-4"
"Immune","2869-68"
"Immune","9384-17"
"Immune","15481-45"
"Immune","22862-44"
"Immune","11378-37"
"Immune","10722-13"
"Immune","7752-31"
"Immune","8327-26"
"Immune","19123-6"
"Immune","7130-4"
"Immune","18907-97"
"Immune","21229-5"
"Immune","5066-134"
"Immune","13406-161"
"Immune","5630-48"
"Immune","25264-102"
"Immune","2742-68"
"Immune","8394-56"
"Immune","15576-158"
"Immune","5741-55"
"Immune","5646-20"
"Immune","21981-2"
"Immune","8702-42"
"Immune","7116-31"
"Immune","8999-19"
"Immune","18928-10"
"Immune","12713-365"
"Immune","2751-16"
"Immune","14713-46"
"Immune","11187-11"
"Immune","3347-9"
"Immune","20213-82"
"Immune","13672-3"
"Immune","12008-3"
"Immune","20428-5"
"Immune","20563-48"
"Immune","16324-38"
"Immune","11149-3"
"Immune","9987-30"
"Immune","12540-25"
"Immune","2992-59"
"Immune","10713-151"
"Immune","25259-7"
"Immune","21439-37"
"Immune","13544-9"
"Immune","21716-29"
"Immune","6617-12"
"Immune","4469-78"
"Immune","14097-86"
"Immune","13431-74"
"Immune","13682-47"
"Immune","2638-12"
"Immune","13495-48"
"Immune","3452-17"
"Immune","4560-34"
"Immune","6283-60"
"Immune","8351-17"
"Immune","12394-53"
"Immune","5623-11"
"Immune","10798-4"
"Immune","8287-17"
"Immune","4987-17"
"Immune","12807-89"
"Immune","7787-25"
"Immune","8766-29"
"Immune","4831-4"
"Immune","5095-21"
"Immune","9245-1"
"Immune","20570-18"
"Immune","19743-12"
"Immune","5104-57"
"Immune","8360-169"
"Immune","16915-153"
"Immune","5669-26"
"Immune","3514-49"
"Immune","13720-95"
"Immune","19774-8"
"Immune","22468-54"
"Immune","22092-43"
"Immune","5704-74"
"Immune","13671-40"
"Immune","22403-13"
"Immune","10438-19"
"Immune","20971-1"
"Immune","15567-2"
"Immune","18870-1"
"Immune","8069-85"
"Immune","19556-12"
"Immune","15388-24"
"Immune","2849-49"
"Immune","3003-29"
"Immune","9531-24"
"Immune","21797-4"
"Immune","15615-8"
"Immune","11334-7"
"Immune","13116-25"
"Immune","6911-103"
"Immune","19579-5"
"Immune","9250-87"
"Immune","4915-64"
"Immune","5013-2"
"Immune","7136-107"
"Immune","17152-10"
"Immune","6992-67"
"Immune","3505-6"
"Immune","3506-49"
"Immune","5936-53"
"Immune","5692-79"
"Immune","20539-4"
"Immune","15614-168"
"Immune","5096-51"
"Immune","25488-6"
"Immune","2631-50"
"Immune","17153-46"
"Immune","17137-160"
"Immune","3381-24"
"Immune","3453-87"
"Immune","5125-6"
"Immune","8248-222"
"Immune","22577-24"
"Immune","10037-98"
"Immune","8352-26"
"Immune","23406-3"
"Immune","5480-49"
"Immune","2523-31"
"Immune","11173-29"
"Immune","2783-18"
"Immune","3040-59"
"Intestine","10496-11"
"Intestine","6223-5"
"Intestine","16613-3"
"Intestine","4769-10"
"Intestine","3498-53"
"Intestine","21897-4"
"Intestine","9170-24"
"Intestine","21387-64"
"Intestine","19786-26"
"Intestine","22104-39"
"Intestine","19803-34"
"Intestine","14132-21"
"Intestine","9017-58"
"Intestine","11618-83"
"Intestine","19213-1"
"Intestine","24901-4"
"Intestine","3727-35"
"Intestine","2705-5"
"Intestine","14068-29"
"Intestine","9115-78"
"Intestine","7020-13"
"Intestine","15385-116"
"Intestine","10463-23"
"Intestine","17441-4"
"Intestine","22007-1"
"Intestine","6387-61"
"Intestine","16785-45"
"Intestine","10848-137"
"Intestine","6450-8"
"Intestine","12975-11"
"Intestine","2982-82"
"Intestine","22076-34"
"Intestine","8219-14"
"Intestine","24931-9"
"Intestine","8899-75"
"Intestine","23522-1"
"Intestine","22561-3"
"Intestine","10453-7"
"Intestine","8545-14"
"Intestine","6571-75"
